Dates,Meals at bars and restaurants,"Soft drink, confectionery, and fruits at bars and restaurants",Alcoholic drink at bars and restaurants,Non-packaged lodging,Domestic travel packages,"Admissions, viewing, game fees",Clothing and footwear,The other household consumption expenditures
2019-01-01,535.84,34.04,39.9,258.66,90.34,90.02,752.66,12253.490000000002
2019-01-02,854.57,35.84,103.55,231.77,38.06,133.94,1063.89,7001.839999999998
2019-01-03,679.73,30.19,58.93,236.53,154.2,117.26,772.9,5252.68
2019-01-04,497.07,22.47,60.24,193.49,65.98,108.05,580.77,6420.16
2019-01-05,580.9,32.47,89.29,118.19,17.97,108.17,719.56,5614.87
2019-01-06,424.25,26.65,44.7,57.67,124.96,73.61,563.32,5178.03
2019-01-07,218.22,8.76,21.83,37.95,74.22,59.98,285.19,4671.46
2019-01-08,185.96,9.7,35.47,38.25,19.29,42.5,315.28,4941.26
2019-01-09,200.63,15.09,33.55,34.1,48.02,51.12,295.81,4133.51
2019-01-10,232.88,12.91,45.62,65.81,44.2,69.09,401.83,4315.78
2019-01-11,260.74,13.72,84.24,46.61,16.64,45.11,305.64,4926.16
2019-01-12,483.21,15.44,91.8,152.47,83.81,71.93,523.25,5110.3
2019-01-13,627.27,31.49,86.2,82.9,24.18,144.34,489.53,5057.2
2019-01-14,430.73,26.32,34.79,125.23,21.47,77.48,512.34,4290.91
2019-01-15,207.73,9.21,28.4,4.01,24.5,28.73,216.56,5329.0999999999995
2019-01-16,192.54,14.82,43.02,4.16,90.01,52.52,263.05,5418.4000000000005
2019-01-17,201.45,12.07,46.94,49.41,67.04,27.24,211.87,4659.139999999999
2019-01-18,310.09,18.24,83.46,66.09,35.4,40.38,260.5,4997.67
2019-01-19,485.86,30.79,103.85,128.79,30.9,71.13,469.49,4943.049999999999
2019-01-20,563.67,21.97,61.6,36.95,65.09,84.76,517.29,4999.6
2019-01-21,243.13,13.01,33.46,48.71,54.59,18.96,198.63,5759.46
2019-01-22,206.16,11.35,24.23,17.2,49.92,33.74,250.58,4502.36
2019-01-23,223.43,14.64,39,12.32,24.29,45.34,218.4,3853.9700000000003
2019-01-24,188.67,13.69,41.04,31.13,52.12,43.81,247.32,4693.240000000001
2019-01-25,441.32,18.9,100.47,30.69,56.61,49.98,316.83,7120.61
2019-01-26,433.75,29.98,104.92,40.45,18.02,71.63,415,5836.42
2019-01-27,558.86,26.9,52.49,59.66,29.1,64.74,351.4,5249.27
2019-01-28,216.59,13.8,43.98,47.71,575.98,50.55,174.91,5482.6900000000005
2019-01-29,204.53,8.41,46.11,21.6,2.79,29.93,275.48,4977.719999999999
2019-01-30,216.77,15.03,42.22,5.65,10.54,64.24,197.82,4320.57
2019-01-31,227.24,13.02,43.57,28.43,141.01,38.21,226.7,4787.69
2019-02-01,278.48,19.37,71.76,62.83,80.88,51.14,259.66,6643.41
2019-02-02,541.28,21.74,92.65,110.3,82.37,86.85,358.08,5570.469999999999
2019-02-03,461.89,23.3,24.21,85.94,73.91,118.04,408.62,6505.43
2019-02-04,188.85,12.49,11.04,5.59,66.29,32.91,291.78,4085.29
2019-02-05,215.33,14.32,45.42,15.73,75.31,62.87,184.13,4478.110000000001
2019-02-06,215.97,11.79,36.16,68.47,12.32,60.65,199.8,4636.75
2019-02-07,198.34,11.92,42.64,8.04,54.47,35.08,249.85,5081.08
2019-02-08,269.97,13.68,74.82,14.77,105.18,34.38,260.73,5346.54
2019-02-09,460.85,26.97,92.46,50.23,54.01,73.2,341.05,5225.799999999999
2019-02-10,653.2,36.01,50.35,92.78,69.97,137.35,600.86,5372.370000000001
2019-02-11,457.27,14.89,28.8,101.12,20.06,96.24,485.43,5421.870000000001
2019-02-12,214.45,9.37,26.89,45.39,39.47,68.99,220.29,5691.5
2019-02-13,224.36,11.99,37.46,40.92,14.45,44.62,243.07,4683.8
2019-02-14,234.57,14.38,33.51,38.97,78.42,43.89,156.09,4274.2300000000005
2019-02-15,274.52,21.6,68.38,23.48,40.94,49.7,216.86,5420.3099999999995
2019-02-16,574.35,27.19,88.1,100.32,226.78,80.85,518.39,5639.41
2019-02-17,511.83,22.31,47.71,53,178.8,91.77,496,5056.2699999999995
2019-02-18,213.94,15.91,35.96,79.92,173.75,99.56,206.42,5296.1
2019-02-19,201.01,13.3,34.01,8.52,43.36,28.37,186.63,4192.360000000001
2019-02-20,278.85,15,40.1,29.22,84.21,72.96,194.39,5567.280000000001
2019-02-21,264.95,11.56,28.5,17.23,64.68,93.12,165.45,5938.91
2019-02-22,312.16,16.87,91.95,75.63,36.08,95.21,258.58,4712.610000000001
2019-02-23,648.68,27.53,70.38,85.47,51.57,95.26,468.62,5572.17
2019-02-24,536.79,25.95,38.53,73.62,92.36,112.71,521.82,5686.21
2019-02-25,355.21,13.02,24.55,43.24,145.31,43.9,206.26,6884.14
2019-02-26,241.66,13.41,30.5,48.83,44.1,46.3,248.49,4948.79
2019-02-27,277.54,16.98,26.3,38.62,33.92,90.68,365.55,6404.11
2019-02-28,283.66,12.81,39.22,15.42,119.39,53.24,360.31,5227.55
2019-03-01,313.35,15.27,86.09,42.29,116.54,55.82,277.26,7811.580000000001
2019-03-02,531.37,30.13,64.38,49.65,32.66,128.78,445.91,6514.54
2019-03-03,511.28,21.94,24.49,36.93,40.88,107.97,551.41,5658.240000000001
2019-03-04,206.79,14.32,29.45,50.35,138.33,58.95,288.61,4754.07
2019-03-05,237.2,17.76,39.57,28.71,58.39,63.02,235.34,4987.92
2019-03-06,244.39,19.73,31.46,23.69,70.55,69.82,261.54,4672.2699999999995
2019-03-07,222.71,11.46,23.38,71.03,51.76,49.67,312.75,4060.5699999999997
2019-03-08,330.15,15.57,90.88,52.79,61.47,44.92,288.87,4959.51
2019-03-09,607.03,29.18,101.79,74.93,39.66,137.44,668.6,5966.91
2019-03-10,619.92,26.62,25.38,96.19,79.26,81.44,721.98,6197.21
2019-03-11,213.04,13.02,30.18,56.32,123.9,63.78,327.65,4630.719999999999
2019-03-12,229.28,13.96,56.67,23.73,14.51,45.97,372.48,4661.57
2019-03-13,243.19,15.05,56.71,40.24,30,59.01,279.91,5046.35
2019-03-14,259.17,12.66,40.71,11.4,88.22,69.78,320.93,4632.18
2019-03-15,309.78,11.93,98.79,20.78,128.27,62.8,309.31,6384.75
2019-03-16,624.56,25.88,100.4,50.18,71.37,84.21,541.72,6884.66
2019-03-17,538.52,25.88,24.19,96.79,140.65,124.24,678.42,5799.65
2019-03-18,291.38,15.39,37.25,24.02,209.34,71.26,387.47,5664.360000000001
2019-03-19,253.01,17.21,50.37,55.03,94.38,51.26,266.29,4991.3099999999995
2019-03-20,387.96,17.42,80.76,51.15,93.07,86.3,348.06,6618.42
2019-03-21,550.34,31.19,53.47,53.61,93.57,107.36,656.55,6026.389999999999
2019-03-22,363.05,18.16,125.67,67.53,36.52,86.64,405.78,5944.790000000001
2019-03-23,616.17,26.72,105.02,115.58,47.81,92.36,579.21,6185.75
2019-03-24,592.67,27.71,36.85,136.94,132.72,109.1,636.15,5578.139999999999
2019-03-25,474.06,14.91,43.54,78.87,148.6,77.45,327.67,8054.3099999999995
2019-03-26,329.73,18.37,53.85,104.91,63.46,98.08,321.55,5987.21
2019-03-27,318.91,20.99,57.13,61.68,287.45,80.46,413.45,5185.79
2019-03-28,331.54,20.9,55.24,46.46,74.14,58.13,331.58,5456.39
2019-03-29,443.53,22.26,120.03,75.66,110.65,104.48,375.15,6058.57
2019-03-30,626.27,37.02,86.35,140.08,57.55,99.81,543.76,5237.44
2019-03-31,568.86,33.48,56.49,165.44,62.32,117.89,615.51,5665.29
2019-04-01,390.72,16.19,27.21,109.81,57.25,105.67,373.74,9494.57
2019-04-02,358.15,17.59,53.51,65.84,110.3,71.88,320.55,5552.12
2019-04-03,329.58,24.4,48.6,61.03,37.02,90.29,321.07,4809.570000000001
2019-04-04,305.57,18.55,24.06,84.24,82.99,70.68,361.83,4911.73
2019-04-05,331.79,18.18,74,63.23,51.75,106.47,335.19,5935.46
2019-04-06,682.53,32.82,84.73,83.39,58.26,119.16,517.74,5792.83
2019-04-07,545.95,29.73,28.47,36.86,14.49,106.05,512.78,5974.1900000000005
2019-04-08,212.08,15.36,44.3,37.29,186.54,51.4,277.7,5100.2
2019-04-09,240.52,15.78,31.4,42.3,56.85,65.82,238.04,4774.34
2019-04-10,273.29,10.14,40.96,51.95,38.35,55.31,273.17,4496.07
2019-04-11,213.42,12.85,44.03,15.19,26.89,59.31,281.16,4754.71
2019-04-12,267.85,16.73,116.63,36.55,176.76,112.23,229.34,7216.43
2019-04-13,588.55,30.43,105.01,67.08,81.15,116.37,346.98,5397.71
2019-04-14,473.64,26.99,45.12,55.93,40.48,118.43,459.02,4907.110000000001
2019-04-15,219.34,12.03,22.26,13.63,139.47,68.79,254.01,5739.280000000001
2019-04-16,263.05,19.76,35.05,24.78,77.39,82.85,317.91,5880.19
2019-04-17,243,14.85,48.47,90.65,44.16,83.46,431.75,4529.139999999999
2019-04-18,245.9,14.8,46.46,34.74,78.39,79.31,322.64,5008.12
2019-04-19,324.43,17.3,102.85,59.97,69.61,69.21,364.72,5583.62
2019-04-20,535.71,29.82,102.5,50.33,57.17,127.49,535.43,5820.18
2019-04-21,504.68,34.25,48.87,74.78,18.36,115.13,546.15,5697.0199999999995
2019-04-22,223.19,18.12,27.05,48.65,90.96,53.32,309.4,5740.410000000001
2019-04-23,213.32,14.09,36.8,20.33,24.93,59.62,315.32,5994.21
2019-04-24,223.73,12.76,55.33,10.27,46.79,68.16,257.86,4998.33
2019-04-25,374.96,12.8,57.38,58.6,108.85,59,311.44,6524.09
2019-04-26,316.58,16.87,93.18,40.07,79.14,65.08,344.74,6911.09
2019-04-27,531.3,23.77,58.59,106.36,83.03,87.51,503.6,6088.99
2019-04-28,778.86,33.89,86.29,309.86,11.87,165.55,656.92,5303.52
2019-04-29,764.68,35.04,59.59,219.99,17.4,170.53,506.04,4679.719999999999
2019-04-30,685.95,29.79,48.14,242.74,35.71,115.59,524.95,4685.79
2019-05-01,776.55,40,44.35,362.83,53.28,188.45,635.74,7136.000000000001
2019-05-02,727.32,36.5,62.43,247.88,71.06,170.22,468.23,5496.759999999999
2019-05-03,918.72,45.83,66.45,309.18,57.41,222.51,502.66,5120.17
2019-05-04,774.39,35.4,79.93,264.59,88.05,135.94,493.71,4768.8499999999995
2019-05-05,852.03,39.64,57.98,265.62,64.67,167.37,547.95,5563.09
2019-05-06,485.06,24.38,20.32,49.88,113,86.4,506.81,4575.18
2019-05-07,190.3,12.35,11.23,12.47,145.18,59.95,312.75,5541.389999999999
2019-05-08,186.01,15.5,21.21,37.22,74.8,47.32,263.39,5208.95
2019-05-09,193.94,13.43,27.93,5.93,137.3,71.37,245.2,5184.23
2019-05-10,271.12,15.65,52.95,32.54,204.36,137.98,281.12,5880.0199999999995
2019-05-11,492.24,29.48,82.46,40.65,36.69,86.37,364.36,5429.19
2019-05-12,647.08,32.97,35.33,33.65,101.01,82.28,589.91,5130.620000000001
2019-05-13,191.43,12.87,23.48,40.05,84.47,51.65,296.19,4003.1600000000003
2019-05-14,190.11,13.2,23.6,14.83,90.98,43.55,232.35,4346.96
2019-05-15,235.91,10.3,27.71,48.97,42.57,45.8,249.43,5217.91
2019-05-16,245.49,15.46,44.19,104.61,88.11,70.64,394.77,6684.23
2019-05-17,321.53,17.79,76.73,55.14,34.63,69.31,333.18,4768.9
2019-05-18,546.93,28.73,109.01,107.75,89.88,110.73,562.76,5205.31
2019-05-19,512.56,31.09,32.78,53.8,54.01,119.6,513.29,4819.3099999999995
2019-05-20,211.86,14.98,29.2,42.7,36.26,68.96,295.23,5173.039999999999
2019-05-21,214.28,10.4,33.82,47.01,74.7,33.8,262.6,5039.200000000001
2019-05-22,232.89,14.95,57.85,72.1,62.67,76.47,480.53,4660.29
2019-05-23,204.21,14.9,32.8,24.84,84.42,54.65,331.71,4768.96
2019-05-24,428.46,25.52,77.52,54.59,90.94,70.08,373.23,6350.12
2019-05-25,619.77,30.19,85.77,71.47,65.89,118.89,500.27,5747.12
2019-05-26,532.24,30.53,50.81,56.7,86.91,103.01,611.92,5767.89
2019-05-27,239.1,14.8,18.21,27.77,65.87,93.97,380.34,6172.629999999999
2019-05-28,205.66,9.93,35.38,27.03,59.45,63.27,255.12,4998.4
2019-05-29,236.9,14.95,39.71,37.56,32.03,59.15,292.3,4215.259999999999
2019-05-30,248.89,12.61,32.68,15.34,48.63,73.74,327.27,4575.04
2019-05-31,259.09,15.38,76.75,77.57,48.13,65.08,323.72,5201.67
2019-06-01,564.44,35.62,81.19,52.64,89.57,95.99,603.91,8131.4800000000005
2019-06-02,511.36,35.41,32.8,72,15.13,114.26,605.98,5977.27
2019-06-03,212.54,15.61,15.54,76.54,42.62,63.55,291.28,5161.65
2019-06-04,213.55,22.48,25.27,24.63,53.98,65.3,231.04,4409.83
2019-06-05,216.74,18.46,23.19,15.29,163.01,59.31,287.92,5392.96
2019-06-06,252.5,16.24,33.17,24.24,252.01,47.11,283.18,4359.6900000000005
2019-06-07,233.1,16.58,75.89,25.86,117.33,59.78,248.36,4200.4000000000005
2019-06-08,509.07,25.77,84.07,45.26,129.46,85.11,434.09,5057.6900000000005
2019-06-09,493.64,25.11,48.46,181.89,40.62,117.07,569.33,5191.77
2019-06-10,235.45,14.59,20.31,52.5,91.01,92.49,300.37,5357.469999999999
2019-06-11,204.96,11.25,24.7,38.32,126.97,42.62,224.65,4996.8
2019-06-12,219.62,19.92,34.91,14.98,43.93,55.82,240.18,5430.4000000000005
2019-06-13,234.11,15.51,34.91,18.92,22.03,56.35,305.76,3937.1399999999994
2019-06-14,326.35,19.19,71.22,40.4,95.01,47.36,243.09,5640.46
2019-06-15,557.84,24.39,63.09,63.54,93.99,88.12,494.47,5421.530000000001
2019-06-16,672.01,34.91,49.32,77.04,244.46,113.3,611.94,7570.890000000001
2019-06-17,227.07,25.96,34.89,49.75,179.9,70.94,277.08,4757.84
2019-06-18,221.6,13.27,26.78,28.67,16.3,77.59,337.47,5406.91
2019-06-19,231.33,13.24,35.42,13.25,12.3,85.12,207.81,4369.74
2019-06-20,260.06,16.25,30.28,55.97,56.56,74.87,274.71,5539.6500000000005
2019-06-21,325.89,16.95,84.98,34.37,106.63,100.32,352.38,5754.91
2019-06-22,583.36,33.29,95.4,51.48,26.71,163.63,517.33,5604.77
2019-06-23,612.47,35.18,71.24,148.2,30.93,147.84,454.89,5168.39
2019-06-24,230.04,15.29,28.33,48.23,58.25,64.15,213.62,4459.4800000000005
2019-06-25,360.99,17.52,40.53,29.77,98.45,77.16,276.69,6899.81
2019-06-26,253.86,16.18,27,63.77,120.41,91.53,358.74,4771.66
2019-06-27,208.42,15.77,32.75,137.32,89.71,104.53,303.96,5412.4
2019-06-28,359.63,15.63,79.3,30.03,124.42,58.79,361.01,6235.700000000001
2019-06-29,574.7,27.19,97.67,33.52,36.98,93.82,499.8,5139.94
2019-06-30,534.1,28.04,36,26.5,72.7,88.34,529.1,5866.63
2019-07-01,222.09,13.25,27.42,57.46,110.25,49.48,285.43,8607.240000000002
2019-07-02,236.98,17.19,19.67,17.71,160.23,58.2,323,5053.57
2019-07-03,254.25,16.73,29.25,23.22,71.81,46.2,285.68,4172.29
2019-07-04,221.47,15.39,24.94,7.43,103.33,62.12,329.89,4519.820000000001
2019-07-05,308.95,15.17,63.87,27.42,11.08,57.66,326.59,5247.780000000001
2019-07-06,530.17,32.13,89.46,19.26,115.3,120.38,594.92,5893.82
2019-07-07,592.42,32.46,47.01,75.13,131.88,89.44,594.74,5569.43
2019-07-08,239.94,13.36,18.91,69.14,147.84,61.09,278.73,5056.48
2019-07-09,223.15,17.49,47.05,12.39,69.18,52.39,261.28,4085.3800000000006
2019-07-10,274.35,19.11,38.79,53.92,165.75,65.29,316.87,6153.1
2019-07-11,234.91,13.9,35.92,30.62,58.22,71.92,278.63,4533.93
2019-07-12,339.05,16.93,79.47,9.48,60.68,61.02,277.98,5501.67
2019-07-13,636.3,26.95,80.97,74.44,59.25,96.56,616.99,6598.41
2019-07-14,707.39,31.3,72.67,123.82,61.25,129.83,491.38,5039.839999999999
2019-07-15,530.11,24.48,40.7,155.64,55.96,115.62,481.33,4750.38
2019-07-16,250.04,16.75,29.98,42.07,145.86,53.2,274.27,5911.33
2019-07-17,204.99,15.15,25.3,15.54,11.8,55.79,223.29,4928.9800000000005
2019-07-18,214.2,16.77,41.12,25.27,37.84,86.92,230.32,4086.8700000000003
2019-07-19,337.95,15.49,79.85,28.65,140.78,78.95,287.24,5110.32
2019-07-20,508.71,29.46,99.36,107.29,157.78,73.12,407.03,6316.49
2019-07-21,577.5,38.36,41.59,73.79,47.42,124.03,393.04,5397.889999999999
2019-07-22,247.61,23.58,27.06,47.05,72.82,77.8,256.37,4491.57
2019-07-23,223.45,18.85,31.05,105.44,59.11,50.78,248.09,4961.040000000001
2019-07-24,283.35,22.2,39.97,74.11,39.13,88.99,231.04,4443.43
2019-07-25,366.36,24.79,36.78,75.8,90.34,74.96,254.86,7209.53
2019-07-26,324.68,20.79,86.96,60.95,143.62,85.71,252.46,6267.21
2019-07-27,558.49,28.53,83.78,89.98,77.3,95.73,354.32,6034.79
2019-07-28,595.96,33.21,30.27,120.98,28.19,118.33,444.74,7171.389999999999
2019-07-29,302.15,22.88,38.06,113.17,40.17,73.37,352.28,6672.76
2019-07-30,270.89,16.53,40.57,54.62,62.53,43.52,348.86,5631.08
2019-07-31,297.14,15.89,39.16,66.79,52.02,68.04,280.17,5318.08
2019-08-01,315.1,23.85,50.33,89.16,221.75,96.89,336.44,9111.4
2019-08-02,305.28,20.53,57.07,120.27,85.2,102.17,298.48,5458.38
2019-08-03,589.35,36.87,99.12,156.58,131.9,159.64,470.05,6465.01
2019-08-04,623.9,36.79,63.81,253.4,49.6,111.94,427.11,5370.78
2019-08-05,297.08,21.14,38.55,178.94,161.49,95.4,262.91,7013.63
2019-08-06,286.91,22.75,32.33,100.38,158.58,71.23,217.88,5034.71
2019-08-07,312.2,21.66,35.52,57.92,13.13,90.57,251.08,5911.31
2019-08-08,364.82,24.56,39.17,69.64,40.85,92.5,279.82,5214.2300000000005
2019-08-09,354.38,23.47,66.4,128.04,56.87,84.81,338.07,6977.07
2019-08-10,625.29,36.36,103.37,262.22,98.32,120.09,366.29,6461.639999999999
2019-08-11,719.18,41.6,72.77,210.42,81.93,139.1,407.17,6166.17
2019-08-12,812.87,40.77,55.97,334.71,65.82,168.81,370.48,5866.219999999999
2019-08-13,750.82,42.71,48.62,180.38,68.97,164.85,332.85,6439.56
2019-08-14,686.32,30.95,49.34,258.58,57.69,110.36,225.31,6414.01
2019-08-15,511.28,24.61,39.34,97.6,262.87,112.02,174.93,6616.73
2019-08-16,599.76,23.22,57.47,237.25,108.33,124.22,295.5,6362.12
2019-08-17,738.72,41.76,62.4,262.66,153.17,123.05,344.81,5071.4000000000005
2019-08-18,658.53,41.12,32.5,144.62,111.44,117.44,324.52,4861.59
2019-08-19,271.7,16.82,19.56,127.61,174.46,77.38,194.46,4510.1
2019-08-20,318.46,19.56,41.43,64.55,42.93,78.1,215.52,5630.95
2019-08-21,324.46,24.83,31.07,69.35,42,77.79,177.46,5077.74
2019-08-22,283.82,24.15,39.09,160.52,66.72,90.31,208.66,4240.620000000001
2019-08-23,429.46,20.7,78.87,73.99,46.33,70.33,409.49,6082.93
2019-08-24,623.21,31.75,92.86,99.77,100.25,155.7,368.91,5358.3
2019-08-25,569.94,35.85,54.86,119.01,68.01,87.95,332.03,5625.23
2019-08-26,291.34,16.28,23.05,62.97,36.88,68.2,225.38,6069.179999999999
2019-08-27,244.77,21.22,18.75,13.7,58.27,77.56,193.34,5819.76
2019-08-28,251.4,14.28,37.64,63.63,93.83,66.84,177.64,4195.25
2019-08-29,263.81,15.13,23.25,31.27,122.19,72.97,182.73,4692.21
2019-08-30,317.34,17.58,49.36,82.25,80.07,79.44,217.79,5602.06
2019-08-31,580.97,33.26,72.81,53.91,32.04,104.11,314.94,4948.04
2019-09-01,533.02,36.33,44.29,92.74,58.58,149.9,424.16,7414.33
2019-09-02,224.13,16.74,45.23,43.98,111.63,85.27,215.26,5201.33
2019-09-03,183.8,14.97,20.17,59.34,77.3,45.62,187.72,5089.07
2019-09-04,253.33,17.34,46.89,20.66,49.57,45.28,189.55,5389.08
2019-09-05,240.26,21.26,31.25,22.54,8.14,50.56,200.72,4634.92
2019-09-06,283.51,25.22,61.43,37.85,91.75,57.18,206.11,4553.57
2019-09-07,534.1,35.1,82.66,39.67,181.93,116.03,512,5636.9000000000005
2019-09-08,523.17,40.24,45.01,80.77,35.19,78.34,388.38,5090.610000000001
2019-09-09,214.98,12.03,41.32,73.22,12.5,21.38,224.9,4426.09
2019-09-10,230.55,18.98,35.86,76.99,50.91,60.9,205.59,5192.240000000001
2019-09-11,239.18,21.48,24.83,85.57,18.06,57.46,162.27,4989.03
2019-09-12,222.62,16.36,30.79,48.92,12.14,44.64,211.43,4758.870000000001
2019-09-13,277.89,16.44,46.58,45.71,55.65,54.7,230.7,5700.72
2019-09-14,597.15,35.6,91.01,155.02,79.52,101.12,439.51,6431.62
2019-09-15,707.65,37.9,54.14,170.25,13.57,125.48,382.33,5755.75
2019-09-16,574.57,35.1,29.79,98.47,110.59,103.05,458.4,5962.87
2019-09-17,186.49,18.14,30,78.95,169.82,56.68,206.95,5961.6
2019-09-18,215.31,17.88,33.72,12.97,57.3,46.05,413.66,4863.96
2019-09-19,215.35,13.55,35.51,39.36,72.42,65.2,421.15,4785.17
2019-09-20,333.48,16.39,78.2,52.7,56,72.82,312.47,7045.929999999999
2019-09-21,579.63,32.16,66.56,117.96,48.54,108.09,415.23,6355.01
2019-09-22,752.05,39.43,51.57,196.5,20.08,150.06,627.37,5415.27
2019-09-23,510.18,30.96,23.55,177.25,41.93,106.09,398.93,5620.0999999999995
2019-09-24,198.94,12.02,17.51,26.9,15.92,69.24,245.96,6999.93
2019-09-25,331.28,15.05,34.75,11.94,112.07,76.88,293.67,7886.5999999999995
2019-09-26,267.8,16.14,61.58,42.48,42.42,81.68,363,5429.79
2019-09-27,281.77,18.34,74.76,73.11,133.73,115.14,321.65,6153.18
2019-09-28,589.72,34.38,87.14,137.37,24.01,88.95,733.03,6437.9
2019-09-29,526.61,31.02,50.15,65.81,40.49,137.36,616.86,7255.419999999999
2019-09-30,260.9,17.27,14.6,41.55,25.14,46.62,443.87,8329.89
2019-10-01,234.47,16.84,20.41,34.18,62.97,48.67,195.86,6368.780000000001
2019-10-02,214.96,16,50.86,42.24,83.45,52.06,140.07,4921.54
2019-10-03,222.51,15.78,36.99,50.96,40.04,52.79,209.38,5184.610000000001
2019-10-04,264.08,18.5,58.21,20.41,87.88,48.96,199.13,4304.42
2019-10-05,489.12,33.35,76.52,93.01,39.77,90.79,327.55,6388.6900000000005
2019-10-06,535.15,28.15,49.91,72.87,58.4,105.4,494.01,4468.530000000001
2019-10-07,198.61,18.56,39.49,38.64,77.56,51.31,237.55,4717.719999999999
2019-10-08,205.36,11.79,34.29,48.07,136.15,52.44,247.98,5200.2
2019-10-09,217.42,20.23,36.73,22.87,79.83,66.91,229.62,4726.13
2019-10-10,251.1,15.97,38.88,61.13,119.91,75.1,266.87,5267.57
2019-10-11,245.28,12.8,48.35,26.77,48.18,49.54,219.21,5805.49
2019-10-12,184.35,8.17,29.17,26.99,64.4,26.28,132.91,2284.5
2019-10-13,553.63,26.73,53.64,79.77,10.37,85.94,389.02,5221.629999999999
2019-10-14,420.77,30.31,22.16,44.34,16.75,101.28,413.4,3748.8199999999997
2019-10-15,207.15,21.25,18.75,27.94,74.59,55.65,270.24,5843.63
2019-10-16,240.94,14.61,46.68,17.81,197.24,60.91,343.09,5776.320000000001
2019-10-17,218.02,18.25,35.71,18.58,66.98,61.35,330.61,5115.36
2019-10-18,285.04,15.12,81.23,30.03,107.36,61.62,306.61,4756.78
2019-10-19,522.11,27.64,66.73,83.11,48.7,133.12,621.67,5337.17
2019-10-20,572.47,27.66,44.68,101.21,23.68,90.31,609.08,5688.7
2019-10-21,323.98,16.39,44.68,71.38,95.97,76.69,314.58,5493.26
2019-10-22,451.95,21.38,28.21,65.27,144.91,87.8,481.14,4282.28
2019-10-23,204.21,14.29,38.51,70.89,205.6,64.45,234.45,5627.6
2019-10-24,216.99,14.1,43.73,53.46,41.67,40.24,230.75,4195.789999999999
2019-10-25,396.24,14.47,52.19,30.87,101.78,42.73,304.88,6110.77
2019-10-26,563.79,29.48,83.44,71.93,73.17,98.62,534.95,6559.09
2019-10-27,554.41,27.92,42.63,77.57,48.8,98.92,622.71,5427.15
2019-10-28,234.29,16.52,33.66,86.97,134.63,73.09,312.14,5130.59
2019-10-29,227.39,16.82,43.56,31.07,57.09,39.28,197.43,5450.9
2019-10-30,218.26,16.2,16.97,59.2,82.07,91.25,317.61,5136.18
2019-10-31,239.8,15.61,25.99,13.85,33.57,59.56,279.23,5914.160000000001
2019-11-01,333.94,19.84,58.97,47.07,143.19,83.26,333.39,7595.58
2019-11-02,574.94,36.52,82.78,76.37,81.61,151.17,512.49,6529.28
2019-11-03,640.3,34.6,47.07,142.96,47.72,120.23,516.14,4945.450000000001
2019-11-04,542.61,39.22,30.99,108.96,40.79,116.51,535.69,4922.17
2019-11-05,236.76,12.27,28.72,49.36,92.72,45,317.99,5632.070000000001
2019-11-06,220.86,15.17,31.38,58.18,32.1,53.21,327.35,4782.6
2019-11-07,259.93,17.79,30.26,64.4,74.56,69.61,333.92,4700.389999999999
2019-11-08,306.34,20.71,79.15,82.83,33.68,45.89,328.15,5070.21
2019-11-09,504.4,26.13,120.3,69.75,93.63,120.54,532.35,6177.99
2019-11-10,633.58,26.64,61.62,80.71,43.11,81.04,519.74,5178.379999999999
2019-11-11,222.46,13.78,34.59,71.02,62.4,61.15,290.73,5535.8099999999995
2019-11-12,207.44,15.34,25.45,29.95,48.16,48.08,230.79,4777.94
2019-11-13,233.71,17.3,35.75,58.89,157.19,62.92,230.53,3953.7
2019-11-14,234.48,15.53,39.7,60.3,55.05,37.76,275.46,4477.7300000000005
2019-11-15,319.02,16.06,65.56,56.67,78.65,74.16,323.91,7402.5199999999995
2019-11-16,567.15,32.85,111.66,64.81,144.58,114.94,510.75,7453.110000000001
2019-11-17,551.34,36.59,48.08,77.84,88.85,137.6,612.68,4854.41
2019-11-18,232.34,14.05,38.05,77.28,92.72,58,212.99,4490.13
2019-11-19,225.29,21.28,29.98,60.74,76.08,37.96,237.81,4417.61
2019-11-20,255.81,18.34,60.65,45.03,110.19,70.08,369.11,5794.25
2019-11-21,263.4,16.02,65.27,81.45,33.21,28.86,386.71,4950.07
2019-11-22,321.93,15.35,75.36,59.45,8.73,77.33,438.92,5667
2019-11-23,671.07,29.12,93.05,102.71,58.51,145.46,757.8,5784.91
2019-11-24,554.2,30.13,44.75,77.38,43.61,116.63,756.01,6225.47
2019-11-25,335.84,10.95,31.08,55.63,161.96,54.03,413.71,6999.08
2019-11-26,259.51,16.04,39.78,43.75,35.23,50.68,354.14,4486.84
2019-11-27,251.9,22.67,34.27,39.19,93.59,60.28,287.27,6043.39
2019-11-28,237.43,18.27,46.36,37.02,41.75,56.76,326.81,4724.4000000000005
2019-11-29,343.6,17.3,103.37,45.71,52.55,66.67,338.37,5855.320000000001
2019-11-30,642.92,25.16,129.57,97.07,35.34,85.74,574.96,6105.5999999999995
2019-12-01,558,32.85,60.76,52.13,102.35,121.13,728.71,8001.119999999999
2019-12-02,206.75,13.38,40.71,44.37,79.13,38.59,254.97,6168.820000000001
2019-12-03,219.18,12.91,80.07,27.86,32.68,38.91,326.23,5523.24
2019-12-04,237.74,16.99,58.09,26.87,36.72,48.84,308.3,4542.99
2019-12-05,228.83,16.82,67.15,21.47,116.47,57.8,337.36,5554.25
2019-12-06,257.35,22.11,148.18,58.18,21.06,76.62,332.42,5587.92
2019-12-07,535.85,31.15,142,33.81,52.95,82.62,645.33,5776.93
2019-12-08,570.15,40.64,61.16,52.81,74.59,73.67,711.03,6020.679999999999
2019-12-09,232.7,11.34,57.35,61.58,16.46,55.88,316.73,5112.37
2019-12-10,244.18,14.8,50.45,54.25,108.41,68.5,257,6395.29
2019-12-11,263.44,16.42,59.6,50.82,79.25,49.13,268.38,5190.82
2019-12-12,254.66,17.52,64.06,105.2,35.3,85.17,264.59,5120.08
2019-12-13,340.8,19.53,130.41,30.22,46.4,69.84,508.14,6739.96
2019-12-14,661.31,32.71,189.92,74.67,44.09,108.57,540.64,6195.97
2019-12-15,556.16,30.93,68.57,88.33,21.74,86.99,593.67,6568.98
2019-12-16,274.18,14.5,86.89,34.57,68.82,43.96,358.44,7811.080000000001
2019-12-17,238.83,16.11,50.07,22.05,63.31,57.99,325.39,4895.21
2019-12-18,263.98,19.02,87.64,34.76,36.52,68.61,329.93,7593.53
2019-12-19,238.48,19.82,70.46,21.18,34.8,54.64,280.56,4942.22
2019-12-20,392.14,18.21,178.81,191.95,56.97,86.56,323.47,6781.17
2019-12-21,523.29,34.96,130.82,84.26,67,116.1,551.77,7949.95
2019-12-22,514.78,25.11,49.57,40.01,105.59,75.52,514.25,7235.35
2019-12-23,233.84,12.75,50.97,19.55,10.53,61.46,340.03,5700.84
2019-12-24,342.99,15.1,31.82,20.04,24.95,68.7,344.43,6183.16
2019-12-25,408.66,19.21,61.04,29.17,42.92,71.31,283.19,8087.1900000000005
2019-12-26,325.82,20.83,75.33,44.12,54.08,35.29,350.7,6147.98
2019-12-27,406.37,18.39,168.97,76.64,65.59,98.68,331.59,7017.709999999999
2019-12-28,584.22,24.14,149.45,72.7,19.97,94.31,495.12,7861.15
2019-12-29,582.91,27.54,112.14,93.69,27.04,127.25,605.94,7727.629999999999
2019-12-30,551.19,26.99,85.56,230.1,45.18,110.67,493.03,9507.11
2019-12-31,553.48,16.86,15.75,113.45,15.91,66.55,297.64,8775
2020-01-01,478.24,29.56,21.36,108.34,32.48,72.49,604.35,11077.78
2020-01-02,886.95,40.61,89.59,171.53,33.25,147.56,1108.77,7252.33
2020-01-03,782.54,35.18,114.3,277.5,94.4,126.67,702.61,5327.71
2020-01-04,626.49,34.25,94.72,100.75,62.87,119.22,823.86,4967.34
2020-01-05,596.34,44.74,47.56,71.26,35.28,89.45,694.42,5104.12
2020-01-06,306.88,17.44,37.7,51.45,50.95,85.49,447.55,6583.81
2020-01-07,212.72,14.11,43.22,13.88,27.58,56.74,222.31,4250.0599999999995
2020-01-08,212.59,13.08,48.46,12.8,21.6,47.07,229.88,3745.86
2020-01-09,212.84,16.54,46.57,43.48,66.78,41.77,367.31,4017.8900000000003
2020-01-10,283.42,17.5,86.69,45.91,26.99,77.13,377.24,5233.68
2020-01-11,551.34,30.72,117.51,71.39,45.57,81.49,475.91,5368.99
2020-01-12,633.81,33.57,105.63,64.89,72.97,141.39,485.52,5529.05
2020-01-13,469.06,35.24,26.79,146.95,43.58,92.96,583.84,4777.11
2020-01-14,191.65,14.05,37.98,64.33,158.5,29.03,201.18,5740.45
2020-01-15,212.14,13.78,64.69,7.05,53.41,46.52,294.86,5753.3
2020-01-16,250,14.15,51.55,78.21,61.23,62.57,293.72,5248.21
2020-01-17,259.73,19.8,85.13,22.2,47.03,47.75,315.67,4935.429999999999
2020-01-18,479.59,29.42,125.49,19.95,86.92,90.05,409.23,5397.16
2020-01-19,467.15,29.99,37.82,66.88,35.98,97.32,356.53,5080.85
2020-01-20,216.06,12.55,37.45,31.78,41.07,78.55,245.46,5479.55
2020-01-21,216.75,15.8,57.63,22.64,137.02,35.51,189.06,5227.64
2020-01-22,210.25,13.86,43.68,25.67,13.32,32.59,188.68,4686.37
2020-01-23,231.59,18.53,54.07,21.56,5.15,46.3,221.22,4450.91
2020-01-24,384.85,16.13,99.07,38.03,50.98,40.59,220.36,5868.04
2020-01-25,579.45,30.68,148.81,35.43,48.88,96.76,494.35,6383.1900000000005
2020-01-26,478.3,32.9,70.82,75.85,22.8,68.09,389.03,4913.14
2020-01-27,222.36,11.79,31.07,10.34,87.45,20.62,221.7,5992.77
2020-01-28,244.76,10.41,35.81,40.93,96.85,35.21,148.36,3958.1499999999996
2020-01-29,198.38,9.77,65.21,21.56,43.93,75.64,189.16,4008.14
2020-01-30,213.43,17.16,44.05,10.28,49.7,47.11,381.21,5154.9000000000005
2020-01-31,264.05,20.07,82.91,26.53,32.56,70.37,183.94,4306.53
2020-02-01,591.41,24.87,87.25,51.74,66.25,110.06,376.42,7637.34
2020-02-02,454.26,29.3,46.36,45.9,121.51,88.94,377.37,5233.969999999999
2020-02-03,194.54,11.95,40.79,56.08,40.76,52.34,180.25,7058.01
2020-02-04,203.99,14.94,38.61,16.94,34.28,30.79,231.21,5164.0199999999995
2020-02-05,203.99,13.1,34.05,12.15,76.23,55.02,271.08,4314.53
2020-02-06,197.48,17.42,46.77,38.64,36.4,37.93,170.81,4159.79
2020-02-07,280.43,17.78,82.91,11.63,20.43,67.87,262.46,4483.389999999999
2020-02-08,532.04,24.94,95.36,119.57,93.04,78.25,441.79,5481.92
2020-02-09,495.75,24.67,42.38,42.32,16.09,64.01,422.35,4911.6
2020-02-10,294.92,19.56,42.27,34.72,40.94,50.12,209.09,5243.12
2020-02-11,464.08,27.19,31.44,45.92,16.67,86.47,364.25,4296.1
2020-02-12,204.28,13.1,32.87,28.27,4.99,86.05,204.9,4616.48
2020-02-13,227.18,10.79,27.13,49.88,21.82,38.36,179.63,4426.15
2020-02-14,273.56,16.5,81.51,23.85,73,55.74,216.37,5422.240000000001
2020-02-15,489.37,21.96,106.31,52.91,41.73,83.44,365.26,5473.1900000000005
2020-02-16,578.48,21.05,63.64,66.85,68.24,83,542.07,6639.65
2020-02-17,200.46,11.17,34.02,19.64,27.86,52.39,217.59,6093.73
2020-02-18,196.59,20.69,27.1,22.63,18.49,51.28,188.99,4451.790000000001
2020-02-19,213.54,20.44,38.6,39.84,17.46,35.12,268.4,5805.910000000001
2020-02-20,229.29,13.96,31.17,14.72,11.79,42.08,180.66,5073.67
2020-02-21,304.42,19.64,72.71,29.51,34.56,56.61,252.29,6466.4800000000005
2020-02-22,547.16,34.37,81.56,82.12,43.55,85.09,377.29,6042.5199999999995
2020-02-23,638.4,40.66,63.31,125.65,76.71,133.72,347.13,6134.4
2020-02-24,465.76,23.7,40.27,160.23,231.92,76.21,425.14,4556.469999999999
2020-02-25,299.57,12.39,30.28,27.61,32.66,31.73,180.92,7287.27
2020-02-26,194.85,11.94,41.48,17.84,10.61,42.52,160.58,4919.530000000001
2020-02-27,207.45,13.74,30.48,38.59,44.16,51.26,182.45,5518.26
2020-02-28,241.69,15.84,52.42,13.65,12.42,50.53,224.9,5638.9800000000005
2020-02-29,344.84,19.65,43.98,26.11,8.92,58.06,456.43,5625.91
2020-03-01,388.26,19.75,68.96,80.92,7.32,41.49,390.73,8561.5
2020-03-02,185.68,18.13,24.52,14.71,3.94,46.21,178.96,5383.2300000000005
2020-03-03,187.01,14.45,14.74,36.33,9.57,55.93,203.04,5272.990000000001
2020-03-04,175.56,8.53,17.86,0.74,0.47,44.58,179.12,4868.04
2020-03-05,222.67,9.91,16.5,18.82,23.93,39.11,190.75,5199.54
2020-03-06,223.53,10.16,41.3,6.19,4.06,44.03,189.57,4663.43
2020-03-07,390.12,17.11,29.84,8.95,4.6,66.18,395.76,4946.360000000001
2020-03-08,404.21,18.94,20.86,39.32,2.27,53.01,522.49,4865.549999999999
2020-03-09,178.46,11.43,11.25,5.63,11.28,46.93,201.15,4723.32
2020-03-10,191.68,10.07,9.83,12.37,28.75,36.27,191.17,4854.759999999999
2020-03-11,201.15,10.08,23.86,14.27,16.57,25.58,279.81,4920.46
2020-03-12,235.21,11.5,13.76,29.04,12.41,27.38,212.57,4617.76
2020-03-13,352.35,14.89,37.16,13.94,66.87,33.27,302.19,5643.35
2020-03-14,383.16,16.64,43.99,18.11,34.28,49.25,455.67,5388.37
2020-03-15,402.58,25.75,22.06,33.71,8.63,55.67,508.62,5944.120000000001
2020-03-16,193.52,10.92,17.56,13.9,10.68,80.97,319.8,9095.22
2020-03-17,188.37,16.4,35.2,6.81,5.82,18.05,200.03,4867.45
2020-03-18,252.84,16.4,27.39,11.39,0.24,65.18,258.67,4975.320000000001
2020-03-19,307.37,24.06,75.13,19.68,18.33,49.18,458.79,5917.65
2020-03-20,505.91,27.54,41.83,26.62,14.04,67.72,584.61,6077.889999999999
2020-03-21,511.76,16.91,52.79,57.92,76.36,69.44,539.33,5227.46
2020-03-22,491.07,23.73,19.75,67.1,38.23,76.7,569.39,5775.8
2020-03-23,204.24,16.5,24.6,13.36,0,29.63,277.26,6165.67
2020-03-24,202.81,12.35,25.36,28.64,3.91,61.57,271.44,5800.36
2020-03-25,357.93,13.34,34.19,4.77,17.04,97.26,326.35,7489.009999999999
2020-03-26,255.15,15.44,34.31,68.08,10.12,49.19,300.25,6109.39
2020-03-27,244.69,15.55,30.16,12.58,40.81,54.54,280.09,6503.14
2020-03-28,396.21,10.04,33.4,35.07,7.38,23.04,351.09,5202.870000000001
2020-03-29,307.14,9.97,46.08,66.18,0,40.29,340.49,5131.9400000000005
2020-03-30,161.76,10.92,17.39,30.97,0.53,30.93,231.34,4804.03
2020-03-31,172.05,7.73,5.7,86.91,7.18,34.01,217.08,6239.1500000000005
2020-04-01,181.26,7.23,7.56,9.94,1.39,21.77,173.15,7110.79
2020-04-02,142.62,8,13.35,9.7,19.61,22.85,250.38,5615.84
2020-04-03,196.3,11.6,16.6,7.99,5.06,27.17,204.08,6359.79
2020-04-04,257.37,10.43,12.1,2.78,0,39.66,427.57,5227.02
2020-04-05,244.39,9.19,9.13,4.26,0.14,40.75,313.77,5474.3
2020-04-06,134.65,8.11,6.73,1.06,0.75,34.49,268.36,5365.67
2020-04-07,150.93,10.41,8.55,0,0,20.85,304.58,4677.200000000001
2020-04-08,109.87,12.61,6.03,5.96,1.45,16,141.09,4193.5
2020-04-09,87.88,4.93,1.75,3.79,0.05,6.3,153.58,4365.18
2020-04-10,150.21,4.5,2.42,2.13,8.59,19.94,197.13,4954.37
2020-04-11,197.12,7.99,3.25,4.06,0,9.06,195.07,5998.429999999999
2020-04-12,172.25,6.22,3.42,24.47,0,6.73,153.71,4155.32
2020-04-13,80.01,3.04,1.32,1.04,0,8.72,81.47,3659.27
2020-04-14,93.2,4.91,3.53,3.13,0,3.39,109.49,4722.97
2020-04-15,121.09,4.34,3.74,0,1.7,30.33,160.78,5327.98
2020-04-16,99.01,3.56,3.21,0,3.13,13.27,145.28,5717.19
2020-04-17,110.85,4.98,2.98,0.7,3.19,28.42,141.61,5208.99
2020-04-18,131.34,2.98,3.05,0.33,0,5.67,128,4933.45
2020-04-19,185.28,5.57,2.6,0.46,0,7.42,157.17,4671
2020-04-20,110.44,9.08,2,0,2.38,14.1,138.68,6208.219999999999
2020-04-21,98.38,3.5,2.13,0,9.77,12.63,138.12,5055.6900000000005
2020-04-22,117.32,2.83,0.01,16.01,0,10.68,118.99,4636.0999999999995
2020-04-23,101.57,2.45,1,0,3.21,10.03,103.44,4211.01
2020-04-24,205.03,3.67,3.57,0,14.12,11.76,100.68,7404.6900000000005
2020-04-25,185.47,5.41,3.64,2.59,3.91,5.9,156.79,6098.47
2020-04-26,144.28,4.55,1.84,0,0.5,20.99,112.42,5227.37
2020-04-27,102.92,3.89,1.71,0.31,1.55,19.6,133.16,5702.719999999999
2020-04-28,108.03,4.35,0.59,0,3.44,13.33,116.26,5176.94
2020-04-29,163.19,5.1,39.21,0.71,0.48,19.83,156.41,3809.4100000000003
2020-04-30,122.49,2.03,1.09,0,8.33,24.15,149.41,5843.05
2020-05-01,124.48,2.9,2.89,10.9,5.56,16.86,198.33,7494.7699999999995
2020-05-02,196.27,5.84,10.97,0,0.17,17.97,211.1,4930.320000000001
2020-05-03,180.54,3.57,7.84,0.92,0.73,10.34,193.14,4473.8
2020-05-04,158.84,7.5,1.93,0.69,1.21,6.74,179.18,4248.41
2020-05-05,213.62,6.39,3.51,0,0,9.19,189.21,4738.69
2020-05-06,158.98,5.36,4.61,0,0,20.32,172.79,3721.26
2020-05-07,99.68,3.74,0.01,0,12.43,3.86,180.79,4944.98
2020-05-08,139.22,3.4,2.71,0.38,4.34,10.59,190.83,5265.19
2020-05-09,158.41,6.88,3.23,0,0,8.24,226.9,4356.64
2020-05-10,280.03,5.7,4.92,0.48,0.46,5.18,276.77,4526.13
2020-05-11,95.56,4.28,0.75,0,0.11,9.35,205.94,4664.070000000001
2020-05-12,97.54,3.78,2.5,0,14.33,8.62,181.46,5157.299999999999
2020-05-13,109.7,3.94,5.94,0.91,0.64,18.65,202.83,4071.6600000000003
2020-05-14,114.85,3.84,4.24,0,0,14.55,194.83,4781.94
2020-05-15,192.58,7.24,2.94,0,8.47,18.34,195.82,5378.13
2020-05-16,224.59,9.22,7.85,0.32,10.3,8.04,334.4,6053.9
2020-05-17,234.94,9.67,2.8,2.66,0,10.62,343.29,4839.23
2020-05-18,118.94,4.37,1.26,0,2.02,8.77,195.2,5352.37
2020-05-19,104.59,7.28,1.99,0.18,3.74,7.44,175.1,3815.97
2020-05-20,121.42,9.55,3.23,0.42,0.65,15.65,262.27,4695.38
2020-05-21,148.39,6.09,3.81,1.84,15.59,26.32,239.18,4571.009999999999
2020-05-22,158.91,6.1,9.03,0,2.49,14.94,229.12,5401.61
2020-05-23,313.38,12.88,20.57,0,0.85,24.38,397.34,5196.14
2020-05-24,280.38,12.3,3.68,1.28,10.53,17.59,369.46,4776.8
2020-05-25,215.28,7.15,2.96,0,26.81,9.32,215.73,7304.07
2020-05-26,133.82,4.52,4.34,2.15,0.65,24.92,233.26,4811.4000000000005
2020-05-27,157.52,7.23,7.02,0.33,1.53,131.39,285.45,5281.82
2020-05-28,171.73,10.42,5.38,3.29,3.19,13.56,245.89,4426.11
2020-05-29,206.29,9.39,16.76,1.36,7.92,21.37,294.23,5105.1
2020-05-30,372.3,17.46,15.83,17.7,6.48,32.46,452.68,5448.6
2020-05-31,325.03,16.6,8.64,2.55,0.31,21.03,457.66,4949.030000000001
2020-06-01,119.66,10.04,8.67,0.99,42.38,33.2,276.99,6688.62
2020-06-02,136.59,5.62,11.04,0.94,3.33,19.81,262.6,5515.33
2020-06-03,152.25,11.32,5.52,7.61,15.35,28.84,277.58,4289.29
2020-06-04,132.96,8.01,9.1,12.89,1.72,37.77,279.89,4440.42
2020-06-05,222.26,11.35,12.36,15.12,10.01,24.39,298.81,5425.21
2020-06-06,403.71,13,24.34,12.86,3.45,32.62,493.43,5959.27
2020-06-07,387.26,17.4,7.46,39.2,67.76,34.05,600.45,5615.54
2020-06-08,137.38,11.32,7.93,6.71,0.46,30.52,272.12,5754.570000000001
2020-06-09,159.01,10.88,6.73,6.44,0.22,32.44,281.25,5042.0999999999995
2020-06-10,161.16,10.29,11.41,10.38,12.84,30.33,352.49,5071.02
2020-06-11,150.58,8.42,19.88,14.03,1.97,13.67,276.82,4052.3500000000004
2020-06-12,224.36,11.65,40.71,3.33,2.13,25.92,374.4,5930.01
2020-06-13,393.99,16.55,25.09,17.3,2.87,20.63,516.4,4906.4800000000005
2020-06-14,427.96,15.98,11.65,35.91,0,38.42,573.91,5606.26
2020-06-15,161.89,7.75,17.82,2.39,5.67,39.71,334.69,5885.93
2020-06-16,195.5,11.71,15.58,15.99,11.4,37.32,314.22,6420.0599999999995
2020-06-17,192.56,14.06,16.89,13.82,0.83,49.25,375.62,5401.64
2020-06-18,166.86,9.2,14.4,2.38,1.42,40.53,292.6,4365.07
2020-06-19,284.31,14.22,27.46,16.25,26.78,33.81,273.3,6666.3
2020-06-20,581.19,24.48,47.87,79.42,4.46,42.45,642.62,7436.469999999999
2020-06-21,582.16,17.58,11.74,49.21,6.37,70.44,585.07,5946.16
2020-06-22,151.7,9.54,13.33,29.1,2.85,25.44,260.56,4935.32
2020-06-23,154.56,8.49,13.3,4.05,1.43,28.66,244.32,5028.62
2020-06-24,171.45,12.31,14.89,22.22,2.48,50.45,248.7,5322.39
2020-06-25,248.13,8.45,40.56,10.39,30.48,21.13,247.1,6293.22
2020-06-26,272.18,9.87,32.68,25.63,14.7,40.72,298.53,5395.41
2020-06-27,419.71,25.71,40.51,24.36,9.84,44.34,475.58,6122.66
2020-06-28,393.2,19.87,19.8,82.82,2.91,36.16,480.18,6151.82
2020-06-29,163.46,9.47,14.06,62.5,14.72,31.13,265.19,5302.21
2020-06-30,175.77,7.07,5.1,5.65,18.71,23.79,265.65,6248.9400000000005
2020-07-01,163.44,15.44,10.64,10.59,10.93,24.14,262.08,7132.8
2020-07-02,214.05,8.65,24.62,8.31,1.47,55.76,263.2,5327.16
2020-07-03,222.31,13.77,33.43,23.33,10.67,26.96,263.4,6760.09
2020-07-04,435.82,17.19,47.06,31.07,1.56,23.26,417.83,5418.69
2020-07-05,369.44,16.72,12.6,53.63,24.97,45.66,496.5,5382.280000000001
2020-07-06,154.74,7.79,15.43,62.66,1.03,10.98,169.03,5265.18
2020-07-07,204.75,12.25,16.12,36.79,23.59,36.03,216.7,4570.799999999999
2020-07-08,163.91,11.62,11.42,11.51,5.44,13.76,217.17,4099.4800000000005
2020-07-09,173.08,9.25,13.11,22.09,9.04,27.07,211.99,4245.22
2020-07-10,216.91,10.53,56.86,44.42,14.13,24.17,332.63,5502.1
2020-07-11,397.06,19.84,38.9,10.68,44.94,39.86,469.98,5854.179999999999
2020-07-12,425.51,23.84,24.39,64.67,6.02,43.76,401.89,4952.26
2020-07-13,125.39,9.95,3.64,24.82,3.8,30.39,222.39,4339.57
2020-07-14,147.81,5.16,12.49,4.71,0.12,20.99,170.75,4025.01
2020-07-15,198,12.2,12.51,10.89,18.26,44.63,206.7,5519.64
2020-07-16,177.54,12.72,22.28,27.03,8.83,58.5,274.84,6502.24
2020-07-17,255.55,12.76,32.46,35.15,11.74,47.2,205.45,4611.049999999999
2020-07-18,429.92,16.6,66.15,76.63,43.5,45.02,360.66,5628.639999999999
2020-07-19,406.16,24.01,14.67,47.29,15.7,41.17,366.18,5405.37
2020-07-20,205.12,9.32,12.97,89.43,30.5,43.17,228.58,5626.82
2020-07-21,289.02,10.89,18.69,18.04,16.53,54.28,200.23,5962.8099999999995
2020-07-22,298.19,11.35,28.85,42.81,63.95,51.67,195.44,6232.44
2020-07-23,393.62,20.02,35.25,49.84,10.57,60.56,361.47,5114.05
2020-07-24,465.79,21.17,32.83,28.5,16.15,56.65,391.65,4412.2
2020-07-25,467.61,18.43,26.35,50.26,13.68,52.62,313.11,4735.429999999999
2020-07-26,413.73,22.53,7.99,81.16,10.31,50.19,334.54,5025.17
2020-07-27,165.08,9.64,3.74,17.36,46.81,29.88,182.68,6561.25
2020-07-28,185.28,10.1,19.26,20.82,30.85,36.58,212.9,5337.17
2020-07-29,188.96,14.01,15.69,64.79,11.06,30.03,225.24,4234.52
2020-07-30,184.85,7.99,13.58,3.69,5.28,35.68,194.59,4848.76
2020-07-31,239.87,13.79,22.2,29.88,9.85,70.06,221.2,5711.03
2020-08-01,410.82,26.13,36.34,69.57,5.41,56.61,325.48,8019.090000000001
2020-08-02,364.68,20.1,13.78,31.35,10.1,41.67,298.14,5520.93
2020-08-03,210.89,13.63,12.52,13.75,4.36,46.77,221.7,5161.6900000000005
2020-08-04,189.29,11.75,17.36,26.76,10.91,47.79,185.85,5383.28
2020-08-05,213.24,12.73,5.32,11.98,29.28,33.69,182.77,5925.82
2020-08-06,182.58,12.35,7.93,14.55,32.96,56.77,208.04,5697.719999999999
2020-08-07,247.68,18.18,16.2,67.84,9.91,45.3,282.88,5443.93
2020-08-08,404.23,23.06,30.85,93.49,2.89,49.1,320.03,5702.530000000001
2020-08-09,476.6,28.23,29.61,83.26,21.01,65.64,314.64,5454.75
2020-08-10,390.16,24.67,11.17,141.24,2.43,74.12,311.35,5115.5999999999995
2020-08-11,311.53,15.58,17.79,39.87,2.6,52.42,247.47,6619.48
2020-08-12,319.51,16.99,12.13,60.31,28.15,44.25,189.89,5578.83
2020-08-13,457.63,23.5,24.84,45.98,22.48,68.34,230.07,6155.2
2020-08-14,584.53,26.25,20.45,95.09,9.72,76.32,290.69,5987.2
2020-08-15,495.07,22.52,19.82,63.45,6.11,74.12,248.59,5401.53
2020-08-16,509.07,24.87,32.4,42.56,25.79,47.89,280.79,6386.84
2020-08-17,177.09,15.08,10.18,69.42,44.46,48.17,172.3,5663.8
2020-08-18,213.14,13.03,26.55,22.11,4.6,50.57,211.89,5075.29
2020-08-19,222.95,13.5,9.88,45.89,2.02,45.58,150.23,4951
2020-08-20,235.55,13.66,7.58,32.82,42.85,39.42,145.69,5242.64
2020-08-21,240.77,15.68,37.71,52.76,14.78,39.92,229.22,5738.7
2020-08-22,427.03,25.06,19.47,48.66,5.42,62.08,353.88,5141.210000000001
2020-08-23,414.09,23.17,13.95,159.65,12.76,38.63,255.95,5318
2020-08-24,160.03,9.51,9.67,16.24,8.9,54.47,185.35,4117.98
2020-08-25,272.04,13.72,10.59,36.11,67.18,26.11,164.23,6316.34
2020-08-26,181.11,13.37,15.4,14.91,13.63,36.03,159.94,4938.2
2020-08-27,180.95,11.81,20.7,38.37,25.93,91.77,144.64,4564.88
2020-08-28,257.86,14.75,26.21,17.84,16.47,62.1,252.32,5906.97
2020-08-29,417,23.69,35.32,26.09,7.18,65.2,288.75,5808.549999999999
2020-08-30,408.5,26.02,19.32,27.19,1.87,60.22,315.24,4812.06
2020-08-31,172.14,10.1,9.05,23.76,26.1,44.37,163.88,4998.85
2020-09-01,163.37,9.96,6.53,1.71,20.51,38.81,189.08,6764.469999999999
2020-09-02,174.66,14.17,4.88,12.94,8.17,29.56,155.4,4997.95
2020-09-03,156.89,11.48,7.18,13.9,13.91,45.88,131.16,4113.4400000000005
2020-09-04,232.92,11.73,23.61,33.64,14.98,28.37,161.05,5217.389999999999
2020-09-05,432.1,25.98,45.53,65.55,34.38,56.1,292.67,6764.3099999999995
2020-09-06,407.67,23.55,10.54,51.07,4.34,60.93,291.19,4654.09
2020-09-07,132.98,13.01,26.68,19.8,1,24.29,107.73,4040.87
2020-09-08,170.78,10.24,18.18,2.88,41.88,46.65,128.3,5025.04
2020-09-09,206.54,13.15,22.1,12.14,6.58,44.35,153.21,4523.51
2020-09-10,205.04,14.9,23.77,21.71,79.34,48.58,186.36,4769.91
2020-09-11,283.66,19.23,23.13,6.98,8.24,54.23,132.85,5022.58
2020-09-12,420.55,23.59,39.96,99.24,23.88,63.36,438.49,5082.1
2020-09-13,425,19.2,20.12,68.36,26.03,74.99,273.87,5088.83
2020-09-14,177.43,14.39,18.19,28.24,14.13,64.67,154.81,4713
2020-09-15,228.92,11.95,14.96,43.17,58.06,49.2,162.58,5558.88
2020-09-16,202.74,11.31,13.59,21.66,37.73,30.05,213.47,5875.41
2020-09-17,177.13,18.34,15.8,5.98,13.79,69.8,113.92,4696.639999999999
2020-09-18,282.92,17.27,28.08,52.2,41.67,60.43,260.07,5439.389999999999
2020-09-19,517.16,29.03,37.13,140.69,18.6,68.69,330.61,6507.85
2020-09-20,629.65,27.46,21.79,100.38,13.95,122.41,457.44,6071.41
2020-09-21,679.53,29.13,27.46,78.27,166.13,97.42,453.26,4767.46
2020-09-22,466.22,25.32,23.21,89.86,90.57,64.66,338.78,5601.83
2020-09-23,164.2,13.08,14.85,13.68,18.63,42.44,166.47,5175.0999999999995
2020-09-24,199.71,12.6,15.93,44.8,14.06,18.64,214.73,5335.5599999999995
2020-09-25,345.72,11.9,21.58,27.53,26.94,43.05,239.03,6177.27
2020-09-26,441.24,24.72,46.15,58.08,71.9,72.95,355.69,5981.379999999999
2020-09-27,434.73,22.52,21.25,21.86,50.1,58.39,433.18,5236.18
2020-09-28,204.94,15.14,14.17,20.03,160.07,106.85,231.7,4959.79
2020-09-29,192.65,15.7,26.7,16.2,33.45,54.45,197.16,4859.86
2020-09-30,215.93,13.98,16.98,42.97,46.67,41.95,526.28,6688.09
2020-10-01,271.33,17.04,16.05,13.92,118.18,36.1,285.87,6397.4400000000005
2020-10-02,259.64,15.48,36.14,14.72,28.14,55.74,216.59,4655.89
2020-10-03,534.37,31.09,34.64,38.49,72.29,94.53,452.07,5891.16
2020-10-04,463.01,30.54,14.26,111.86,34.29,73.82,427.63,5039.79
2020-10-05,193.63,9.2,27.52,57.84,26.88,60.46,287.76,4653.13
2020-10-06,189.71,13.08,18.75,20.02,112.05,47.06,244.93,4241.57
2020-10-07,234.85,10.5,25.95,34.86,39.01,54.7,252.61,5124.700000000001
2020-10-08,188.99,9.39,19.99,16.92,28.37,32.43,257.59,4033.0800000000004
2020-10-09,302.14,13.39,26.65,26.15,29.59,43,245.21,6815.83
2020-10-10,504.8,25.29,54.12,90.28,58.85,51.86,448.93,5241.3099999999995
2020-10-11,488.47,26.03,18.25,74.07,32.6,85.71,602.87,5665.59
2020-10-12,198.58,8.97,12.35,46.49,135.77,49.91,226.07,4723.67
2020-10-13,203.22,12.08,18.53,49.32,50.36,49.05,224.26,4185.91
2020-10-14,184.42,13.26,19.03,29.4,97.19,38.34,256.97,5336.6
2020-10-15,220.97,14.4,58.67,23.69,33.35,49.06,288.02,5074.24
2020-10-16,294.88,16.48,49.52,86.78,99.84,80.53,420.31,7309.719999999999
2020-10-17,523.39,23.05,50.62,45.38,38.58,54.56,582.87,4932.63
2020-10-18,576.49,30.88,29.36,81.04,39.82,90.26,528.13,6194.3099999999995
2020-10-19,173.53,10.36,21.67,8.7,23.09,54.52,283.23,4954.139999999999
2020-10-20,230.23,14.4,13.56,42.47,45.71,56.77,310.85,6010.9000000000005
2020-10-21,248.65,14.56,20.11,19.2,48.35,52.86,236.25,4799.040000000001
2020-10-22,204.52,9.76,21.58,35.9,12.81,37.75,263.94,5033.389999999999
2020-10-23,355.83,14.9,26.12,27.69,79.89,26.53,241.13,5834.639999999999
2020-10-24,578.08,31.31,29.57,41.85,55.95,93.61,609.16,5625.02
2020-10-25,560.45,25.49,20.49,63.23,79.98,88.66,517.95,5581.47
2020-10-26,243.91,10.74,23.13,59.85,21.95,47.8,254.84,5198.889999999999
2020-10-27,215.97,14.99,20.24,21.22,80.3,53.63,289.37,5049.03
2020-10-28,261.58,11.69,33.3,47.2,34.2,64.35,316.69,4515.679999999999
2020-10-29,225.89,12,16.6,33.67,47.59,48.84,231.69,4845.530000000001
2020-10-30,317.92,17,41.41,16.9,20.45,61.88,298.79,6619.61
2020-10-31,543.12,24.37,44.19,36.11,69.1,100.15,447.24,6016.820000000001
2020-11-01,555.87,26.26,31.92,91.44,76.47,116.41,571.3,7258.32
2020-11-02,266.11,11.48,21.46,53.63,72.08,66.17,241.99,6617.25
2020-11-03,509.55,21.57,19.66,49.11,18.16,75.65,390.52,4664.67
2020-11-04,202.31,9.8,15.73,31.46,38.19,43.24,229.47,4373.53
2020-11-05,231.55,16.17,16.93,50.28,65.34,54.55,286.48,4872.5199999999995
2020-11-06,271.19,21.51,32.43,27,87.49,62.29,282.3,5458.38
2020-11-07,545.82,20.48,49.42,72.32,52.07,77.55,426.23,5253.29
2020-11-08,572.15,29.16,26.49,94.18,52.65,76.77,455.46,5501.360000000001
2020-11-09,224.29,18.49,11.49,41.74,22.47,51.09,262.49,4454.91
2020-11-10,199.66,11.62,10.61,72.01,29.87,37.68,334.42,5163.31
2020-11-11,227.15,12.16,13.14,78.2,50.97,53.75,278.68,5709.8499999999995
2020-11-12,240.77,16.06,13.47,18.75,47.28,65.67,263.87,4492.81
2020-11-13,307.13,17.21,34.16,94.29,45.55,68.54,284.62,4982.89
2020-11-14,545.05,23.71,51.32,143.56,29,88.4,450.49,5943.52
2020-11-15,478.33,22.9,13.55,49.84,101.85,63.96,463.95,5845.42
2020-11-16,216.74,11.4,23.4,71.3,46.37,51.67,299.96,6450.5599999999995
2020-11-17,220.87,11.78,15.31,45.15,15.25,44.64,229.47,4311.25
2020-11-18,231.37,12.7,18.21,20.46,30.73,81.28,231.96,4400.98
2020-11-19,242.56,15.22,23.24,24.32,34.89,39.15,331.75,4326.47
2020-11-20,328.43,12.6,29.76,31.73,54.88,46.29,326.05,6634.74
2020-11-21,507.73,17.46,52.59,22.44,56.41,93.44,451,6733.610000000001
2020-11-22,595.89,23.51,36.43,81.39,14.54,88.63,502.72,6029.17
2020-11-23,432.92,22.74,20.15,110.86,13.9,64.27,348.89,4915.790000000001
2020-11-24,189.82,10.74,15.35,18.63,13.89,54.52,208.02,4875.38
2020-11-25,331.5,17.33,12.48,35.72,162.72,43.5,307.14,7360.97
2020-11-26,212.83,13,9.83,6.32,22.43,43.23,250.68,5614.7300000000005
2020-11-27,274.19,16.77,40.62,17.42,77.67,78.73,351,5647.14
2020-11-28,478.9,20.87,59.07,75.59,36.09,80.84,525.01,6707.79
2020-11-29,466.95,22.06,11.59,43.4,25.61,55.69,502.85,5197.98
2020-11-30,211.57,11.06,8.04,50.53,7.43,46.79,251.66,6446.47
2020-12-01,212.02,15.67,12.36,14.53,6.53,49.58,312.64,7101.45
2020-12-02,187.94,10.32,8.8,20.45,82.34,33.04,289.54,5476.8099999999995
2020-12-03,181.24,8.37,14.08,19.13,7.43,41.68,279.18,5947.030000000001
2020-12-04,257.99,17.82,22.89,15.32,17.4,50.12,264.45,6071.02
2020-12-05,478.46,25.11,37.9,3.73,43.32,54.5,380.12,6109.73
2020-12-06,505.53,23.71,17.19,28.93,48.35,54.59,655.34,5713.82
2020-12-07,164.08,9.46,6.72,4.08,8.72,42.08,228.92,5331.62
2020-12-08,189.25,15.12,9.71,7.67,0.62,18.93,212.34,5182.13
2020-12-09,201.13,13.02,12.54,3.82,3.43,25.99,298.91,4596.7
2020-12-10,238.29,13.33,15.59,11.03,21.4,35.74,263.38,6753.95
2020-12-11,258.55,13.72,14.12,10.64,17.91,56.49,347.26,5631.870000000001
2020-12-12,504.08,19.82,32.21,43.94,19.63,83.1,581.16,6409.629999999999
2020-12-13,447.57,21.3,12.2,22.73,14.44,70.37,580.99,5839.049999999999
2020-12-14,159.59,7.9,12.76,20.64,17.25,30.64,288.73,4564.58
2020-12-15,214.5,9.56,6.57,16.41,20.24,30.57,321.02,7603.56
2020-12-16,226.28,15.51,13.9,12.7,17.03,48.02,318.25,7505.77
2020-12-17,184.43,9.1,17.93,10.41,6.97,29.65,315.44,5606.75
2020-12-18,284.63,11.58,26.55,3.8,0.92,69.86,366.52,6594.09
2020-12-19,486.99,17.74,16.64,55.28,18.65,93.53,589.29,6687.66
2020-12-20,499.18,19.73,9.25,39.09,5.72,49.13,657.22,7121.08
2020-12-21,192.95,6.99,15.04,27.64,5.84,44.79,277.17,6289.33
2020-12-22,189.55,9.18,9.72,7.53,3.41,22.11,273.09,7200.5599999999995
2020-12-23,202.26,7.64,13.3,1.61,57.35,26.06,270.86,7120.06
2020-12-24,285.61,12.05,4.34,5.98,2.47,32.79,321.58,7249.7300000000005
2020-12-25,482.27,16.64,27.81,2.21,35.75,41.07,334.54,8543.59
2020-12-26,472.45,23.66,19.72,17.09,19.3,44.62,448.78,7041.61
2020-12-27,401.04,26.79,12.15,97.54,0.21,60.75,485.96,6762.799999999999
2020-12-28,317.69,12.57,23.53,59.04,9.69,53.39,284.81,7616.9800000000005
2020-12-29,341.75,14.69,24.94,42.67,1.82,66.66,349.75,8929.96
2020-12-30,371.88,17.4,20.18,87.19,0.6,42.34,341.02,8383.21
2020-12-31,371.24,9.3,2.3,132.28,0.95,49.03,217.18,7708.920000000001
2021-01-01,305.83,17.46,7.36,238.04,1.17,34.22,319.01,9065.33
2021-01-02,515.33,21.69,14.88,81.4,40.86,69.4,542.6,5212.1
2021-01-03,447.1,23.5,15.51,53.91,25.22,74.8,512.26,5155.58
2021-01-04,251.96,13.51,11.06,49.28,0.28,81.69,390.38,5891.110000000001
2021-01-05,209.6,17.07,10.06,23.47,28.41,40.24,265.48,4893.03
2021-01-06,167.81,8.55,9.68,9.4,0.04,23.35,338.43,4677.8099999999995
2021-01-07,140.7,8.75,2.09,7.37,0.82,24.55,217.05,4072.21
2021-01-08,175.35,8.13,3.1,6.3,2.53,18.4,209.95,4235.4
2021-01-09,284.29,14.47,7.74,12.47,1.06,32.79,301.51,4546.2
2021-01-10,351.98,17.4,8.01,53.82,3.61,44.47,460.83,5452.76
2021-01-11,273.76,17.57,3.16,16.83,0,49.47,377.87,4361.99
2021-01-12,131.12,7.99,7.53,20.85,2,8.47,246.96,4379.91
2021-01-13,130.61,7.14,12.67,2.5,1.56,11.48,193.76,4013.08
2021-01-14,124.35,11.61,4.03,8.77,3.56,22.04,223.51,4361.31
2021-01-15,166.15,9.42,6.25,28.19,5.55,30.42,267.84,5161.06
2021-01-16,356.45,17.34,5.2,24.68,0.02,37.98,291.14,5815.83
2021-01-17,324.99,17.06,4.65,5.39,0,32.91,326.34,5212.4
2021-01-18,141.35,6.01,0.69,4.45,35.79,28.09,311.47,5847.3099999999995
2021-01-19,119.59,7.39,1.36,24.96,0,26.07,174.42,4635.99
2021-01-20,187.03,8.67,1.48,0,2.32,12.24,204.38,5039.49
2021-01-21,131.33,8.64,2.11,2.3,6.27,20.97,210.56,4529
2021-01-22,160.57,10.05,6.68,21.94,0.09,23.33,175.22,5053.68
2021-01-23,321.81,15.12,6.4,5.03,6.14,43.57,321.71,4868.610000000001
2021-01-24,331.48,18.89,5.73,32.34,0.04,39.74,314.15,5320.76
2021-01-25,255.28,6.82,2.74,21.53,32.17,29.74,212.49,6882.299999999999
2021-01-26,145.37,7.6,3.47,13.26,1.84,19.01,176.48,6400.92
2021-01-27,150.35,7.24,4.77,5.45,25.85,27.44,177.35,4681.63
2021-01-28,159.16,6.49,3.94,4.22,3.21,27.89,177.68,4380.71
2021-01-29,218.91,9.64,3.32,12.74,13.68,28.94,152.62,5220.19
2021-01-30,337.23,20.57,8.31,8.07,0.31,38.41,294.87,5638.870000000001
2021-01-31,347.66,22.44,6.42,0.33,0.5,42.24,303.8,4702.3499999999995
2021-02-01,145.1,8.87,1.12,23.63,0.03,27.68,187.09,6504.469999999999
2021-02-02,126.28,7.45,2.23,11.69,4.66,34.49,140.83,5267.0199999999995
2021-02-03,148.35,10.38,3.72,0.85,0.04,18.97,177.9,4596.56
2021-02-04,148.08,10.48,8.36,18.37,8.67,16.78,188.29,3998.1699999999996
2021-02-05,193.22,10.6,7.6,1.59,3.54,48.53,210.49,5031.22
2021-02-06,372.42,22.49,12.66,7.93,3.95,60.84,325.66,5178.3
2021-02-07,409.1,30.07,11.26,51.31,0.14,61,419.93,4997.53
2021-02-08,123.68,11.59,4.44,4.4,1.81,14.56,188.53,4642.929999999999
2021-02-09,130.48,7.15,3.93,32.11,0.04,14.7,175.67,4164.32
2021-02-10,199.98,11.79,8.62,12.74,7.56,37.89,201.81,5617.29
2021-02-11,370.1,18.5,10.18,15.29,0.15,60.92,340.3,4732.389999999999
2021-02-12,197.36,12.18,10.64,11.38,0.96,24.04,171.76,4816.4800000000005
2021-02-13,398.07,26.63,10.47,26.16,3.64,69.03,332.35,4547.95
2021-02-14,393.79,20.03,13.22,28.27,3.74,64.26,236.77,4556.32
2021-02-15,128.73,7.96,1.75,22.62,2.86,12.2,185.67,4824.68
2021-02-16,163.95,10.47,11.17,32.46,0.19,42.43,203.87,6389.44
2021-02-17,177.15,11.4,11.99,6.42,16.44,22.77,154.08,5204.65
2021-02-18,152.17,10.53,4.49,9.97,4.69,29.45,153.53,4463.21
2021-02-19,229.36,12.43,4.8,6.7,9.39,29.51,174.31,5383.68
2021-02-20,470.4,19.1,11.76,20.56,9.17,45.35,361.77,7083.68
2021-02-21,458.13,24.41,8.07,16.58,1.37,65.26,345.13,5234.9000000000005
2021-02-22,205.32,13.41,4.74,15.37,1.34,32.89,183.16,6392.1
2021-02-23,337.75,23.03,3.13,87.38,15.71,65.31,360.46,4427.969999999999
2021-02-24,163.75,10.02,14.85,13.69,4.01,53.7,191.09,6360.55
2021-02-25,309.7,11.2,8.95,12.67,43.19,29.99,169.68,5983.65
2021-02-26,269.93,13.25,20.46,27.17,6,36.03,293.06,5994.030000000001
2021-02-27,389.65,26.41,16.91,47.69,0.9,57.95,370.4,5829.97
2021-02-28,420.07,20.24,11.67,27.21,19.96,70.53,442.55,5728.8099999999995
2021-03-01,180.02,16.89,4.43,20.14,1.56,50.75,208.54,8008.299999999999
2021-03-02,147.84,8.13,8.91,8.31,2.83,36.11,139.92,4320.76
2021-03-03,222.14,18.04,4.02,8.97,0.2,27.53,265.75,5909.27
2021-03-04,173.64,10.7,15.37,12.22,0.02,43.62,287.85,4596
2021-03-05,241.98,15.77,9.08,15.01,18.51,51.02,241.98,5286.879999999999
2021-03-06,469.89,20.37,25.57,18.69,10.2,62.36,443.58,6866.25
2021-03-07,507.17,23.19,17.63,63.25,23.82,59.35,501.48,6287.299999999999
2021-03-08,166.32,11.17,14.69,7.11,16.02,46.02,223.25,5629.57
2021-03-09,197.32,11.52,12.93,17.62,1.21,42.13,261.65,4659.79
2021-03-10,230.2,15.81,10.2,29.82,70,42.39,302.88,7359.86
2021-03-11,192.34,10.61,14.27,34.79,44.38,43.47,273.76,4878.13
2021-03-12,263.49,10.12,14.9,37.55,9.79,34.61,257.32,6216.91
2021-03-13,464.73,25.11,25.58,26.54,35.03,55.64,453.19,5113.6
2021-03-14,523.18,27.7,6.92,26.56,51.61,51.16,583.24,5605.71
2021-03-15,174.27,10,5.78,32.98,15.29,29.54,248.08,5933.0599999999995
2021-03-16,199.44,12.2,20.19,25,20.61,55.52,240.32,6537.51
2021-03-17,219.24,18.05,9.19,9.86,5.08,47.37,385.2,4757.97
2021-03-18,263.55,12.67,12.39,34.58,0,51.93,326.26,5608.23
2021-03-19,358.89,19.45,19.99,33.97,15.44,52.41,330.26,5775.63
2021-03-20,627.17,28.76,30.46,102.78,19.81,100.83,563.84,7874.200000000001
2021-03-21,462.07,19.36,10.33,96.85,1.27,55.7,437.75,5186.84
2021-03-22,190.4,13.56,11.85,36.6,54.29,42.05,260.6,6217.339999999999
2021-03-23,210.56,12.33,14.67,15.43,7.95,43.88,256.55,5899.22
2021-03-24,248,16.72,15.61,25.24,147.71,55.22,292.14,4432.799999999999
2021-03-25,326.86,13.59,4.92,12.77,35.43,65.74,318.91,6645.78
2021-03-26,341.66,14.86,24.18,58.92,9.16,110.74,309.17,6512.289999999999
2021-03-27,543.51,27.84,39.21,73.86,2.16,72.24,503.66,6834.040000000001
2021-03-28,536.71,23.16,17.88,86.12,4.35,69.19,512.67,6188.87
2021-03-29,261.05,16.49,14.17,69.9,27.16,80.35,271.67,6319.84
2021-03-30,268.22,12.61,15.57,79.94,4.59,50.09,356.19,6046.28
2021-03-31,305.42,16.68,8,60.95,2.81,53.15,315.74,5399.79
2021-04-01,252.46,16.6,23.48,49.2,38.97,56.75,350.3,7942.860000000001
2021-04-02,273.03,16.98,24.23,25.2,2.66,81.47,412.92,7236.27
2021-04-03,510.26,28.1,25.28,70.89,0.33,60.56,490.78,6578.8
2021-04-04,482.77,22.77,11.19,115,49.97,57.26,749.68,5535.52
2021-04-05,221.37,11.66,4.27,5.13,5.52,46.19,338.24,6400.34
2021-04-06,207.74,10.44,12.22,13,3.44,46.73,304.5,5077.08
2021-04-07,208.81,12.08,8.51,22.53,0.1,39.76,288.95,4702.68
2021-04-08,207.56,15.26,11.32,2.58,0,67.58,247.05,4226.16
2021-04-09,275.25,16.24,21.27,10.53,6.06,56.85,279.17,4832.29
2021-04-10,433.04,36.1,25.4,50.54,9.91,88.97,406.26,5888.469999999999
2021-04-11,431.52,21.54,19.95,36.42,5.29,83.82,369.95,6364.6900000000005
2021-04-12,130.21,9.17,6.35,10.98,6.91,59.66,205.66,4390.780000000001
2021-04-13,127.81,9.5,18.38,3.1,4.16,20.3,169.96,4321.18
2021-04-14,150.63,9.02,2.92,17.49,33.89,44.73,197.31,5257.110000000001
2021-04-15,161.59,11.45,9.18,1.66,9.62,35.9,246.9,6609.46
2021-04-16,212.17,17.81,13.57,21.5,11.45,66.51,266.04,7590.14
2021-04-17,463,16.86,10.86,44.22,13.5,44.55,368.09,6785.24
2021-04-18,428.71,20.59,6.76,82.5,6.14,55.98,507.26,5858.0599999999995
2021-04-19,169.38,9.64,5.47,32.43,5.93,37.91,251.75,5367.78
2021-04-20,206.27,9.99,4.62,20.08,3.42,54.62,223.33,6198.11
2021-04-21,171.71,17.42,5.63,15.94,26.61,35.77,251.15,5003.6
2021-04-22,171.56,13.14,9.33,30.97,3.6,30.48,242.19,5404.26
2021-04-23,286.59,13.99,18.43,42.29,33.19,51.95,281.27,6490.67
2021-04-24,385.9,22.07,17.29,63.24,0.46,76.5,523.25,6009.92
2021-04-25,424.1,24.76,4.44,34.6,2.73,88.52,386.57,5384.36
2021-04-26,174.58,12.98,6.07,8.69,2.67,38.32,174.17,7324.700000000001
2021-04-27,164.25,10,1.05,13.97,17.41,75.39,170.52,5090.29
2021-04-28,176.78,6.91,1.86,6.38,7.43,31.78,201.65,4981.16
2021-04-29,355.67,17.36,1.85,12.24,0.09,34.29,338.33,4032.55
2021-04-30,267.15,11.28,3.39,10.26,26.52,95.68,303.04,6001.8
2021-05-01,376.59,24.58,8.66,129.72,3.31,72.17,358.64,7232.6900000000005
2021-05-02,451.21,25.26,15.61,63.79,2.04,55.4,342.86,5227.5
2021-05-03,461.58,23.54,15.09,210.04,0.76,66.14,345.78,4448.84
2021-05-04,457.69,25.32,12.43,77.98,0,76.14,324.52,4564.78
2021-05-05,450.75,21.42,5.64,75.46,85.54,65.38,305.55,4467.12
2021-05-06,170.85,10.87,2.79,16.41,22.36,54.47,210.01,6757.05
2021-05-07,199.04,12.94,2.45,14.49,7.06,76.68,266.92,5539.13
2021-05-08,316.73,17.35,10.82,23.52,1.85,62.59,338.86,5418.86
2021-05-09,379.96,20.29,4.41,29,2.66,49.81,434.15,4975.570000000001
2021-05-10,140.85,12.86,3.57,2.4,3.17,45.7,235.38,7484.0199999999995
2021-05-11,121.91,7.02,3.2,8.3,21.52,42.26,227.47,4484.969999999999
2021-05-12,128.93,5.96,2.91,27.56,0.65,14.24,199.63,4329.95
2021-05-13,122.07,10.2,4.78,12.79,11.35,23.84,203.92,3855.2799999999997
2021-05-14,190.01,11.42,4.33,54.99,1.86,40.09,243.12,5736.320000000001
2021-05-15,309.68,18.07,5.57,10.95,15.52,48.47,332.95,6635.13
2021-05-16,336.03,21.14,4.43,5.89,151.16,101.77,348.07,5716.64
2021-05-17,140.12,6.7,0.39,1,15.31,23.16,192.53,5483.01
2021-05-18,131.79,6.3,2.95,2.76,2.95,32.16,229.55,4778.32
2021-05-19,128.5,8.27,3.06,2.92,0,21.72,240.43,4951.89
2021-05-20,132.62,9.38,2.4,4.34,10.46,39,231.6,4881.55
2021-05-21,199.28,7.4,0.5,3,3.4,34.73,214.2,5075.19
2021-05-22,344.1,30.07,6.15,13.83,10.01,59.17,433.05,6116.97
2021-05-23,345.06,22.65,14.35,19.07,1.1,73,364.11,7303.94
2021-05-24,134.34,8.65,3.21,9.84,28.11,31.35,185.08,5357.01
2021-05-25,283.81,11.65,7.67,28.45,14.88,39.47,307.13,6762.469999999999
2021-05-26,156.07,10.01,0.64,11.55,0.68,65.63,207.08,5003.81
2021-05-27,166.57,11.04,2.9,3.74,1.42,54.08,194.59,4450.29
2021-05-28,185.59,10.35,4.52,6.41,4.87,54.2,306.46,5263.34
2021-05-29,332.27,18.52,3.3,49.79,2.75,64.4,357.2,5299.74
2021-05-30,383.7,22.02,2.28,9.97,5.07,43.34,357.87,5754.27
2021-05-31,159.99,7.59,4.27,162.37,11.86,24.15,209.32,4515.389999999999
2021-06-01,153.67,12.31,3.26,0,16.31,28.19,228.9,6671.5199999999995
2021-06-02,158.15,16.89,1.6,26.34,0.04,39.61,221.64,4867.74
2021-06-03,153.98,11,1.46,0.16,0,24.1,242.47,4668.88
2021-06-04,178.59,13.11,5.24,6.32,0.72,18.06,228.42,3884.3500000000004
2021-06-05,367.58,25.01,3.98,6.84,2.36,61.22,489.7,6485.3
2021-06-06,364.58,22.06,5.93,39.12,0.36,50.79,389.51,5074.65
2021-06-07,137.77,8.62,1.74,11.39,0.09,22.18,179.1,5843.5599999999995
2021-06-08,139.44,12.3,5.56,24.5,173.19,50.89,242.25,4493.41
2021-06-09,156.19,14.69,1.61,1.43,7.14,83.77,272.58,4186.610000000001
2021-06-10,171.34,11.68,0.92,12.22,135.9,40.3,303.59,5590.29
2021-06-11,197.92,11.47,6.81,17.2,28.54,59.43,456.12,4495.46
2021-06-12,367.78,25.22,12.06,10.84,0.69,73.63,443.64,5805.18
2021-06-13,348.86,24.25,2.67,24.92,1.89,40.53,495.82,5156.18
2021-06-14,135.06,7.87,2.41,42.95,2.57,23.37,224.19,3680.45
2021-06-15,145.85,19.47,2.1,3.4,13.24,30.25,259.82,5591.86
2021-06-16,187.19,10.29,0.77,5.11,7.93,31.83,285.85,6313.15
2021-06-17,172.76,17.64,19,5.5,0.1,54.26,250.17,4449.9
2021-06-18,224.7,16.18,3.6,12.28,5.74,43.7,285.74,4635.870000000001
2021-06-19,448.01,28.23,4.35,8.76,34.03,61.48,462.01,5361.39
2021-06-20,509.43,25.58,7.45,27.74,0,47.44,476.48,6087.82
2021-06-21,166.93,12.82,7.75,22.64,1.57,49.3,256.76,6388.139999999999
2021-06-22,153.8,10.37,7.7,23.45,2.94,32.98,205.56,4689.22
2021-06-23,164.71,15,11.18,26.37,39.78,41.97,193.15,4387.13
2021-06-24,178.7,11.87,7.35,15.76,4,34.4,186.14,4352.5599999999995
2021-06-25,383.97,20.77,13.71,19.87,16.97,48.62,348.58,6598.54
2021-06-26,491.25,25.69,18.38,39.08,124.46,71.22,338.23,5923.950000000001
2021-06-27,432.08,22.68,11.65,30.75,22.97,85.25,379.34,5315.889999999999
2021-06-28,174.66,13.06,12.05,15.66,61.34,46.21,195.11,5502.98
2021-06-29,167.42,11.93,9.58,50.15,9.38,21.48,254.15,4352.3499999999995
2021-06-30,230.5,13.35,15.14,46.22,9.33,43.05,232.11,5647.02
2021-07-01,159.21,9.91,6,4.62,14.52,75.24,231.19,6618.06
2021-07-02,200.8,14.65,20.36,3.93,1.23,28.22,230.07,4687.42
2021-07-03,412.14,28.61,7.41,30.24,0.28,96.71,460.2,5994.7699999999995
2021-07-04,435.87,31.94,12.5,39.45,0,59.5,409.04,5724.54
2021-07-05,163.95,10.62,7.31,16.7,2.42,26.47,228.1,5659.13
2021-07-06,183.31,8.49,3.51,11.73,3.62,24.71,192.74,5050.610000000001
2021-07-07,170.28,10.6,6.47,30.61,0,35.19,274.26,4182.09
2021-07-08,195.45,11.06,3.48,7.76,5.22,26.25,184.67,4277.8099999999995
2021-07-09,244.15,11.59,10.08,33.74,6.11,28.43,254.35,5036.42
2021-07-10,456.42,34.65,18.07,41.76,17.38,68.53,335.88,5423.370000000001
2021-07-11,480.54,27.95,6.97,34.28,122.75,76.76,397.87,5298.85
2021-07-12,162.45,8.68,2.98,13.73,8.05,32.35,279.49,5317.620000000001
2021-07-13,195.78,11.92,3.83,43.44,25.78,29.12,202.49,4251.18
2021-07-14,175.5,10.34,3.56,3.13,3.37,38.43,207.88,4295.0199999999995
2021-07-15,200.62,12.88,8.22,10.44,4.87,26.84,200.89,5024.46
2021-07-16,239.53,15.47,15.48,34.62,41.54,30.48,272.61,6254.6
2021-07-17,450.48,34.14,16.64,71.07,4.02,76.74,558.54,5467.92
2021-07-18,450.65,27.13,5.14,96.98,30.66,75.08,416.87,4896.44
2021-07-19,154.27,12.55,9.55,35.96,32.34,48.76,234.42,5633.67
2021-07-20,221.03,13.58,8,5.62,11.06,54.37,200.32,5616.35
2021-07-21,355.84,19.22,13.45,13.87,40.14,52.22,242.52,6254.03
2021-07-22,447.75,29.4,16.59,85.29,5.66,100.3,398.75,5237.030000000001
2021-07-23,476.7,29.19,22.57,55.25,6.02,85.02,392.23,5088.719999999999
2021-07-24,467.96,34.02,21.26,165.85,25.78,116.28,275.75,5473.07
2021-07-25,414.7,28.99,7.64,135.33,42.14,66.91,344.47,5433.75
2021-07-26,223.18,13.87,20.18,44.15,4.67,47.84,164.85,6587.7
2021-07-27,247.31,14.07,9.64,52.4,19.43,56.21,196.56,6115.82
2021-07-28,283.54,16.74,12.37,56.98,5.91,56.46,152.74,4803.6900000000005
2021-07-29,218.96,14.32,13.82,100.86,0.89,37.15,184.35,4349.219999999999
2021-07-30,262.84,21.69,10.49,98.81,21.62,54.24,199.85,5641.7
2021-07-31,369.75,30.07,10.73,57.08,10.24,93.83,297.68,5881.73
2021-08-01,455.29,26.78,16.17,68.29,19.91,69.13,341.19,7773.77
2021-08-02,164.02,14.29,4.54,69.22,56.62,50.46,144.4,5520.2699999999995
2021-08-03,183.68,13.08,20.25,34.99,15.7,61.98,154.63,4441.879999999999
2021-08-04,202.59,19.91,10.23,30.03,29.57,73.21,204.73,4676
2021-08-05,213.28,17.33,3.91,14.43,3.68,39.6,164.15,4960.48
2021-08-06,224.97,18.79,8.81,18.75,12.95,56.26,174.94,4811.38
2021-08-07,399.27,27.21,11.6,107.09,62.95,70.76,378.41,5212.46
2021-08-08,398.44,24.72,5.6,54.67,12.52,55.75,293.01,4802.22
2021-08-09,348.07,30.58,6.55,47.54,2.35,49.08,232.57,4372.39
2021-08-10,293.87,18.32,4.17,40,7.44,74.76,264.22,5824.67
2021-08-11,283.5,24.75,12.87,43.4,27.33,65.45,172.41,4974.48
2021-08-12,385.03,21.71,5.13,75.27,15.91,53.37,164.3,5914.37
2021-08-13,419.68,25.48,9.38,102.78,2.86,58.5,226.62,5969.21
2021-08-14,476.22,20.66,9.62,75.66,16.78,35.88,207.67,4626.12
2021-08-15,442.07,20.29,7.94,50.86,53.54,52.35,173.56,4436.92
2021-08-16,298.8,19.41,5.74,72.39,23.45,46.54,178.61,5609.49
2021-08-17,168.67,12.73,3.57,65.34,0,28.43,144.57,5098.41
2021-08-18,186.05,11.47,5.51,103.33,7.44,31.5,154.32,4285.9400000000005
2021-08-19,145.08,15.97,10.05,3.64,0.18,73.23,142.54,4067.69
2021-08-20,271.04,13.37,3.8,36.85,5.28,40.64,231.36,5695.32
2021-08-21,304.33,18.13,2.35,78.26,2.01,34.53,248.74,6272.94
2021-08-22,322.4,17.75,2.18,14.87,14.23,63.72,253.69,5008.15
2021-08-23,165.02,13.56,2.24,77.2,1.81,29.91,109.9,5627.96
2021-08-24,152.75,9.49,1.86,11.68,1.01,51.61,142.19,4440.69
2021-08-25,282.02,11.65,5.61,15.01,15.28,34.86,187.91,6032.53
2021-08-26,157.07,10.85,0.51,39.91,0.52,56.9,179.84,4256.04
2021-08-27,239.72,14.61,1.29,56.81,92.95,77.31,170.15,5870.04
2021-08-28,329.61,25.68,6.23,18.78,4.3,56.61,203.67,6244.5199999999995
2021-08-29,360.6,19.86,0.09,32.11,0,66.51,234.67,5408.65
2021-08-30,128.77,14.51,3.49,9.1,0.34,44.22,164.73,3989.7799999999997
2021-08-31,187.38,10.74,0.93,6.95,2.94,28.59,125.08,6356.200000000001
2021-09-01,176.65,14.25,0.03,6.45,3.97,59.17,160.67,6634.120000000001
2021-09-02,135.2,10.68,0.82,16.68,86.68,33.04,135.99,3934.59
2021-09-03,192.28,13.93,0.85,8.4,0.38,36.21,179.98,5002.16
2021-09-04,307.29,19.86,1.92,13.89,0,56.76,266.16,5181.23
2021-09-05,345.25,26.58,3.33,10.76,0.4,44.25,261.02,5661.05
2021-09-06,150.19,12.39,2.43,13.78,0,23.93,171.59,5037.7
2021-09-07,128.95,12.67,1.9,12.35,8.8,39.78,178.1,4435.28
2021-09-08,147.9,9.81,0.37,18.56,6.71,48.33,216.71,4046.8300000000004
2021-09-09,151.43,13.7,0.05,1.32,3.98,33.04,160.31,4122.34
2021-09-10,215.48,15.21,10.43,0.63,5.33,68.66,294.96,5355.37
2021-09-11,378.04,25.88,2.85,69.22,49.43,65.19,260.86,5358.0599999999995
2021-09-12,387.67,26.09,1.03,13.57,0,45,377.07,4859.299999999999
2021-09-13,156.53,9.44,0.93,6.65,6.91,25.93,169.56,5596.68
2021-09-14,149.6,11.2,1.97,28.17,0,27.36,157.49,4002.0699999999997
2021-09-15,192.32,12.43,3.64,5.18,1.84,56.17,143.64,6089.95
2021-09-16,171.34,12.93,0.47,32.45,9.32,40.29,206.97,6602.610000000001
2021-09-17,208.81,21.85,13.06,0.6,120.85,66.37,246.19,4996.65
2021-09-18,357.96,22.28,2.59,52.88,0,49.05,297.72,5172.950000000001
2021-09-19,457.31,33.5,5.41,44.18,30.04,66,495.5,5307
2021-09-20,408.9,24.31,6.25,69.64,0,83.07,248.16,5547.9
2021-09-21,204.67,13.74,3.47,39.45,2.65,39.36,158.2,5400.2300000000005
2021-09-22,176.18,14.22,6.93,59.28,12.42,33.07,185.43,4791.570000000001
2021-09-23,393.05,32.21,2.27,17.58,14.91,82.14,252.43,4467.7
2021-09-24,300.75,16.01,3.93,27.88,9.98,52.3,191.63,7079.299999999999
2021-09-25,395.43,21.79,21.15,11.08,13.8,85.58,300.76,5330.08
2021-09-26,380.48,22.98,2.1,10.27,21.02,79.43,433.82,4826.379999999999
2021-09-27,171.74,12.9,3.93,98.25,31.01,86.13,230.19,6010.530000000001
2021-09-28,182.67,8.1,1.83,1.32,1.24,50.97,158.69,4603.2300000000005
2021-09-29,157.09,13.01,3.65,11.04,5.49,31.06,171.65,4398
2021-09-30,172.53,11.19,3.02,31.41,55.5,56.89,190.01,5866.5199999999995
2021-10-01,243.51,10.69,14.03,25.74,150.78,51.27,148.95,5902.23
2021-10-02,471.05,28.21,22.37,98.99,11.59,115.79,333.98,5635.209999999999
2021-10-03,467.16,31.28,8,64.62,116.49,79.31,331.44,5265.12
2021-10-04,174.35,12.21,7.59,24.87,19.38,47.54,176,5514.620000000001
2021-10-05,174.28,11.9,6.89,16.13,1.85,39.99,196.98,6297.620000000001
2021-10-06,227.94,15.71,12.3,37.62,53.55,49.99,166.71,4698.68
2021-10-07,210.16,12.69,8.38,14.2,18.85,57.7,173.9,4195.42
2021-10-08,285.47,17.28,30.69,37.67,140.16,61.25,167.7,4706.91
2021-10-09,511.79,23.98,15.18,44.4,81.95,86.06,303.78,5029.139999999999
2021-10-10,516.27,27.99,23.51,66.38,73.49,53.89,504.27,5052.05
2021-10-11,173.78,9.42,17.23,13.61,3.41,61.4,183.53,4611.91
2021-10-12,179.78,12.79,14.39,19.98,7.99,57.78,137.95,4127.67
2021-10-13,192.29,14.3,11.73,25.06,4.98,59.44,204.77,3764.56
2021-10-14,185.57,14.87,21.03,42.1,98.87,52.05,200.23,3962.83
2021-10-15,276.13,11.83,34.74,28.47,23.12,42.94,287.44,5830.3099999999995
2021-10-16,505.54,27.7,17.19,65.36,44.61,77.96,432.17,6533.62
2021-10-17,467.15,26,21.1,99.67,7.59,62.18,484.53,4834.98
2021-10-18,180.99,12.1,13.26,31.63,45.04,58.02,348.61,5662.21
2021-10-19,209.76,12.26,13.12,77.53,3.39,33.19,320.46,4260.31
2021-10-20,227.53,14.82,23.22,46,30.36,41.79,336.02,4951.04
2021-10-21,222.75,12.93,19.83,36.56,67.71,62.32,351.6,4911.16
2021-10-22,263.91,13.5,29.9,48.89,10.45,63.77,316.59,4651.219999999999
2021-10-23,617.92,34.74,28.31,32.21,20.25,82.15,567.3,5382.53
2021-10-24,545.72,34.95,8.85,89.33,13.06,83.39,581.93,6070.33
2021-10-25,336.85,13.63,13.31,61.24,21.29,55.31,331.33,6847.64
2021-10-26,218.14,13.75,17.59,60.71,65.5,57.32,286.83,5586.72
2021-10-27,230.86,13.78,21.03,27.49,66.98,75.73,250.62,5847.35
2021-10-28,223.23,15.66,15.73,12.18,58.6,62.69,268.44,5430.860000000001
2021-10-29,293.69,23.16,30.59,16.56,27.73,73.28,312.58,5169.72
2021-10-30,520.26,26.15,40.97,78.26,16.1,95.97,402.65,6432.610000000001
2021-10-31,481.33,25.17,17.12,97.31,27.18,79.59,484.54,5263.030000000001
2021-11-01,209.73,14.16,17.05,89.34,51.1,55.47,271.07,7541.860000000001
2021-11-02,232.28,14.46,29.75,89.48,41.89,51.38,246.29,4538.04
2021-11-03,445.67,35.01,26.59,59.55,12.33,100.93,471.78,5362.3
2021-11-04,200.32,16.13,16.87,32.75,8,39.53,322.3,4690
2021-11-05,241.6,15.52,42.3,32.66,17.29,72.92,244.84,5805.53
2021-11-06,570.15,25.95,34.51,75.83,26.45,101.32,538.81,5910.99
2021-11-07,506.29,31.05,13.79,120.06,52.62,75.39,492.48,5105.69
2021-11-08,209.38,14.27,15.4,38.09,24.52,47.45,218.43,4702.7
2021-11-09,177.62,11.09,16.98,46.02,12.85,37.18,223.61,3746.9100000000003
2021-11-10,233.4,16.65,11.59,117.8,94.55,55.27,332.26,5597.639999999999
2021-11-11,219.64,19.34,12.21,57.7,17.05,53.42,324.64,3998.0600000000004
2021-11-12,261.52,18.93,36.06,33.03,11.99,66.15,278.59,5551.889999999999
2021-11-13,539.96,35.85,38.96,83.48,22.58,89.44,560.85,5491.63
2021-11-14,536.72,31.24,24.34,163.27,48.63,84.42,437.29,4880.1900000000005
2021-11-15,199.61,11.35,22.42,30.95,31.19,32.72,331.93,5597.72
2021-11-16,224.15,13.04,11.83,37.07,106.04,56.84,219.21,5785.08
2021-11-17,242.51,15.47,22.64,44.81,30.01,50.11,264.5,4952.37
2021-11-18,216.31,17.52,19.35,40.93,45.8,46.72,281.68,5977.669999999999
2021-11-19,325.6,13.79,32.05,101.26,26.36,70.51,361.11,6364.389999999999
2021-11-20,615.74,32.12,44.32,151.91,20.07,114.63,549.61,6803.91
2021-11-21,531.68,32.09,19.76,73.22,65.08,94.84,714.49,6124.71
2021-11-22,267.96,11.44,41.87,59.57,46.98,53.08,241.92,4523.320000000001
2021-11-23,434.07,28.54,19.45,43.14,23.42,93.93,625.54,4647.62
2021-11-24,223.17,11.83,16.64,42.37,19.22,41.07,360.11,5125.7
2021-11-25,349.56,14.78,33.71,26.75,92.72,75.86,357.47,7322.539999999999
2021-11-26,312.5,13.65,41.4,35.95,4.87,84.06,362.72,6333.490000000001
2021-11-27,491.08,25.87,45.01,73.55,110.1,73.34,544.03,6225.540000000001
2021-11-28,484.32,29.16,17.16,151.29,11.15,81.5,562.82,5180.6
2021-11-29,215.69,11.61,14.19,81.27,19.58,52.22,310.01,6030.740000000001
2021-11-30,203.6,14.39,10.92,12.68,5.39,37.37,234.51,4932.09
2021-12-01,234.21,16.48,15.86,68.23,26.63,60.34,231.36,9353.05
2021-12-02,223.32,18.38,23.64,51.07,44.6,82.2,264.61,5152.31
2021-12-03,308.81,12.73,50.68,33.82,9.11,51.33,318.3,5237.76
2021-12-04,621.5,34.34,60.26,94.68,57.72,90.97,487.36,5892.01
2021-12-05,567.74,31.39,29.83,109.55,49.54,84.5,624.61,6585.97
2021-12-06,201.92,12.02,11.8,51.49,88.73,31.65,231.58,5962.58
2021-12-07,183.19,11.42,18.18,14.43,25.01,30.78,243.87,5075.39
2021-12-08,222.54,19.63,36.72,38.44,0,45.19,279.47,4518.1500000000005
2021-12-09,246.12,17.02,30.29,36.75,17.77,61.51,252.11,4941.3
2021-12-10,350.22,21.56,46.39,71.99,45.63,62.37,373.68,7201.91
2021-12-11,588.11,37.06,63.55,88.59,39.89,84.4,427.38,6420.48
2021-12-12,462.22,27.02,26.47,132.58,58.48,73.61,657.63,5907.66
2021-12-13,189.74,13.85,35.7,62.71,9.19,40.61,196.71,5195.889999999999
2021-12-14,182.64,12.37,22.29,22.05,6.05,76.4,208.57,4825.64
2021-12-15,281.49,15.13,36.37,45.19,3.03,47.32,276.46,6748.09
2021-12-16,251.9,20.02,31.95,36.4,181.87,56.46,311.4,6410.38
2021-12-17,285.77,14.38,56.96,41.29,36.16,37.36,296.03,6005.47
2021-12-18,551.75,25.99,94.1,108.15,10.78,84.09,657.99,6439.950000000001
2021-12-19,553.65,26.21,23.17,58.67,25.29,57.12,591.4,6012.5199999999995
2021-12-20,225.29,10.07,22.46,39.22,21.14,45.09,262.68,6554.42
2021-12-21,226.2,9.8,21.72,70.58,1.64,30.39,267.22,6341.17
2021-12-22,246.02,16.34,43.46,31.05,28.2,31.18,374.04,6082.97
2021-12-23,260.27,16.69,29.28,14.92,48.83,37.99,305.89,6193.9800000000005
2021-12-24,456.99,16.94,37.72,33.37,40.93,43.88,310.68,8506.84
2021-12-25,491.43,25.33,75.73,137.19,6.94,72.7,486.6,7503.23
2021-12-26,461.68,28.92,20.14,125.11,30.39,87.36,484.36,6311.65
2021-12-27,303.13,14.55,53.18,87.6,75.46,89.32,362.92,6644.75
2021-12-28,396.19,20.94,56.95,119.6,34.68,47.56,359.68,7109.41
2021-12-29,457.95,22.75,35.16,108.76,55.43,92.27,466.6,9066.06
2021-12-30,551.67,25.99,65.52,234.29,22.44,82.14,352.86,8861.28
2021-12-31,499.42,15.62,25.49,206.8,10.14,69.85,343.84,8274.14
