Dates,Food,Housing,"Fuel, light, and water charges",Furniture and household utensils,Clothing and footwear,Medical care,Transportation and communication,Education,Culture and recreation,The other household consumption expenditures
2020-01-01,1861.6,13.25,16.11,197.02,604.35,71.84,364.92,1.47,596,8698.04
2020-01-02,2987.22,15.77,21.85,564.78,1108.77,94.57,375.9,2.78,1059.93,3499.02
2020-01-03,2787.82,5.06,27.74,314.96,702.61,117.67,409.31,3.12,1039.32,2053.29
2020-01-04,2759.84,36.69,47.42,343.33,823.86,307.26,458.82,2.02,644.28,1405.96
2020-01-05,2835.04,29.14,68.47,451.65,694.42,159.72,437.58,1.98,671.09,1334.08
2020-01-06,2278.32,227.76,67.67,209.46,447.55,448.09,1906,1.78,566.6,1428.04
2020-01-07,2076.77,202.71,66.51,228.8,222.31,554.67,365.78,0.15,368.96,753.96
2020-01-08,2006.53,119.94,49.39,272.12,229.88,392.43,294.79,1.59,276.23,688.45
2020-01-09,2141.7,86.3,65.08,219.43,367.31,408.27,415.18,0.54,479.16,630.21
2020-01-10,2255.98,19.42,96.57,325.23,377.24,659.98,757.53,0.57,512.73,1143.31
2020-01-11,2848.82,56.95,83.4,296.96,475.91,561.56,607.29,0.76,736.7,1074.56
2020-01-12,2979.33,132.69,49.57,402.22,485.52,178.91,913.28,0.96,765.72,1158.63
2020-01-13,2526.49,486.3,53.36,355.61,583.84,211.78,432.37,1.16,712.93,811.68
2020-01-14,2101.66,1392.35,70.41,212.44,201.18,539.25,679.42,0.89,607.76,631.81
2020-01-15,2142.75,765.96,70.46,233.06,294.86,589.32,367.8,3.15,396.39,1582.01
2020-01-16,2298.73,157.49,83.11,249.51,293.72,569.43,583.76,0.76,505.66,1317.46
2020-01-17,2203.21,51.98,71.08,167.03,315.67,505.55,741.08,1.51,651.5,1024.14
2020-01-18,2740.95,36.58,76.34,266.51,409.23,525.69,997.36,1.51,603.79,979.83
2020-01-19,2857.35,45.05,67.66,404.18,356.53,217.36,526.29,4.01,760.33,933.77
2020-01-20,2177.84,578.26,76.59,233.18,245.46,641.39,290.27,2.19,405.78,1491.49
2020-01-21,2244.35,161.84,49.6,257.8,189.06,537.38,320.55,1.33,470.45,1669.69
2020-01-22,2090.99,212.85,71.33,181.75,188.68,745.68,374.09,1.99,332.4,1014.66
2020-01-23,2084.53,225.9,75.27,234.18,221.22,465.98,338.24,0.42,297.23,1106.36
2020-01-24,2465.79,279.94,79.23,217.94,220.36,576.98,459.09,3.58,466.92,1948.21
2020-01-25,3040.25,364.57,83.12,385.83,494.35,525.64,646.62,2.54,660.97,1613.66
2020-01-26,2909.93,9.67,57.63,494.36,389.03,208.81,510.1,1.69,653.31,816.4
2020-01-27,2112.61,299.83,61.59,324.47,221.7,531.32,1075.93,0.94,730.77,1238.95
2020-01-28,2084.89,84.74,74.74,233.3,148.36,551.19,290.2,3.34,386.97,712.74
2020-01-29,2142.09,178.23,56.12,228.5,189.16,623.74,336.83,0.57,381.27,475.28
2020-01-30,2181.67,427.82,48.22,244.74,381.21,552.61,1050.56,1.6,348.49,680.92
2020-01-31,2064.79,168.96,54.64,190.46,183.94,539.3,412.55,0.84,387.55,983.91
2020-02-01,3194.62,660.12,72.59,424.68,376.42,486.34,617.57,7.61,708.24,2397.14
2020-02-02,3043.03,58.56,86.77,413.7,377.37,196.74,496.25,2.33,727.51,995.34
2020-02-03,2731.41,46,107.48,273.16,180.25,557.16,2079.23,0.39,430.66,1228.99
2020-02-04,2170.64,93.58,86.04,224.54,231.21,531.08,1226.47,1.4,450.09,719.73
2020-02-05,2224.06,6.97,65.42,204.94,271.08,813.3,302.35,1.63,397.85,692.54
2020-02-06,2152.41,254.33,49.33,200.93,170.81,419.64,527,0.78,335.39,594.62
2020-02-07,2368.98,139.94,83.4,295.12,262.46,550.98,417.28,2.11,438.37,668.27
2020-02-08,2985.63,7.44,92.79,375.57,441.79,386.95,811.21,3.4,724.73,1037.4
2020-02-09,3064.62,29.27,65.81,360.02,422.35,181.98,560.16,0.51,547.57,786.87
2020-02-10,2310.25,236.54,62.84,240.85,209.09,666.28,315.67,11.86,481.77,1399.6
2020-02-11,2799.79,14.28,66.84,340.46,364.25,200.08,362.83,10.8,558.78,614.01
2020-02-12,2118.93,462.36,90.67,221.88,204.9,469.2,559.02,4.64,366.32,693.02
2020-02-13,2228.45,125.07,45,172.5,179.63,448.79,797.14,0.11,374.76,609.5
2020-02-14,2376.25,113.87,64.7,210.13,216.37,540.83,496.38,0.77,405.1,1738.38
2020-02-15,2742.23,19.46,54.44,422.59,365.26,495.02,454.25,1.43,572.41,1507.09
2020-02-16,2964.81,407.3,54.76,457.53,542.07,268.82,1766.36,1.65,566.44,1033.24
2020-02-17,2183.87,780.72,80.66,302.18,217.59,950.24,686.39,0.76,339.34,1115.11
2020-02-18,2311.59,69.67,65.62,248.84,188.99,565.53,324.02,1.04,379.58,822.68
2020-02-19,2221.59,94.12,48.02,283.19,268.4,466.27,1769.65,0.65,325.14,962.27
2020-02-20,2317.13,31.5,46.36,282.57,180.66,522.72,397.95,0.47,384.75,1433.23
2020-02-21,2326.45,514.59,57.47,619.41,252.29,585.67,845.55,4.95,352.06,1677.78
2020-02-22,2931.36,111.83,58.34,374.63,377.29,459.33,816.73,3.59,614.97,1545.59
2020-02-23,3145.94,22.41,40.17,549.15,347.13,190.5,1346.3,9.48,833.35,1075.55
2020-02-24,2745.8,96.5,46.52,328.11,425.14,180.81,360.12,2.49,947.19,847.05
2020-02-25,2501.17,297.32,55.96,316.68,180.92,636.3,1189.51,7.65,336.98,2379.95
2020-02-26,2151.33,175.71,96.11,330.9,160.58,588.23,691.82,2.53,283.48,918.66
2020-02-27,2314.25,123.61,86.32,308.93,182.45,587.65,1254.4,1.41,353.63,873.74
2020-02-28,2598.85,80.21,68.92,391.65,224.9,559.14,447.83,8.9,704.41,1165.62
2020-02-29,2742.51,253.33,77.33,365.77,456.43,499.48,775.72,18.15,496.8,898.39
2020-03-01,3328.78,58.27,57.34,480.38,390.73,267.96,2086.33,5.67,619.59,2263.88
2020-03-02,2324.4,198.04,32.1,283.89,178.96,668.32,368.45,6.71,321.59,1472.92
2020-03-03,2676.96,500.22,48.55,261.26,203.04,634.04,247.74,20.21,399.89,802.14
2020-03-04,2033.75,105.47,40.65,263.09,179.12,484.42,1288.87,4.92,286.61,608.01
2020-03-05,2246.1,135.15,61.45,253.39,190.75,393.02,1127.07,8.37,400.58,905.34
2020-03-06,2382.4,132.98,63.49,228.34,189.57,591.7,411.26,8.47,299.29,874.78
2020-03-07,2864.87,34.31,45.84,489.73,395.76,358.32,344.27,12.76,517.77,795.29
2020-03-08,2849.17,18.25,50.87,388.1,522.49,161.33,516.62,5.1,492.93,921.8
2020-03-09,2195.12,74.55,60.42,285.79,201.15,546.09,309.47,5.68,435.33,1075.86
2020-03-10,2199.89,108.87,28.23,287.69,191.17,463.31,423.37,12.03,474.84,1145.51
2020-03-11,2313.9,79.64,23.42,230.46,279.81,506.45,718.65,37.64,404.57,897.23
2020-03-12,2291.17,107.14,52.2,279.92,212.57,420.77,418.42,11.26,348.01,1018.17
2020-03-13,2462.23,268.29,25.61,266.49,302.19,590.46,1096.56,9.01,400.6,1042.58
2020-03-14,2633.12,274.4,42.54,275.07,455.67,321.6,962.02,6.76,465.89,952.4
2020-03-15,3031.09,403.77,49.11,438.2,508.62,169.49,681.89,3.98,595.85,1119.16
2020-03-16,2310,522.48,78.52,397.68,319.8,656.12,3019.69,23.74,666.37,1748.17
2020-03-17,2460.67,107.59,55.83,185.32,200.03,596.97,337.87,26.81,383.7,983.34
2020-03-18,2326.36,123.92,41.44,272.67,258.67,537.04,385.04,55.6,457.7,1148.98
2020-03-19,2579.43,48.49,63.08,224.38,458.79,435.98,449.53,38.27,485.46,2086.79
2020-03-20,3022.93,412.01,25.85,511.28,584.61,258.18,415.06,17.65,677.76,1420.82
2020-03-21,2938.78,166.1,34.58,400.25,539.33,340.06,584.5,11.2,624.47,912.7
2020-03-22,2850.13,49.12,25.44,404.56,569.39,194.88,1200.11,29.56,738.04,1000.55
2020-03-23,2164.66,225.93,22.85,382.89,277.26,576.44,1325.74,77.37,451.29,1226.83
2020-03-24,2322.81,604.41,39.84,252.59,271.44,433.93,544.16,74.04,364.63,1498.57
2020-03-25,2611.47,67.27,82.41,392.64,326.35,548.43,989.93,64.22,570.08,2687.09
2020-03-26,2802.07,468.08,41.12,265.29,300.25,368.79,745.53,67.61,425.05,1358.15
2020-03-27,2559.15,25.61,63.43,315.4,280.09,521.01,1732.58,21.99,437.5,1224.81
2020-03-28,2781.07,78.07,33.14,427.02,351.09,447.41,509.63,27.53,513.69,890.44
2020-03-29,2509.96,558.11,26.25,404.63,340.49,256.44,482.3,17.78,572.42,773.71
2020-03-30,2326.44,61.34,55.84,210.7,231.34,441.1,516.16,26.37,395.01,1023.57
2020-03-31,2207.63,432.11,27.9,329.74,217.08,437.84,1499.27,10.61,535.48,1072.14
2020-04-01,2334.69,53.37,40.73,230.42,173.15,746.74,587.68,34.98,366.39,2944.94
2020-04-02,2334.07,94.83,23.61,340.35,250.38,384.84,951.62,10.65,369.24,1322.76
2020-04-03,2459.22,93.29,21.3,286.85,204.08,415.63,1692.7,24.36,409.81,1221.36
2020-04-04,2788.91,30.6,25.63,417.05,427.57,389.71,424.73,9.41,542.78,920.55
2020-04-05,2837.27,11.69,17.93,481.16,313.77,202.92,701.85,17.2,435.8,1076.35
2020-04-06,2494.34,76,25.67,395.58,268.36,516.07,732.4,13.87,384.6,912.93
2020-04-07,2552.61,121.71,22.58,301.67,304.58,529.98,297.39,30.37,386.8,624.83
2020-04-08,2081.9,59.83,24.9,219.57,141.09,427.84,337.86,44.82,308.33,840.36
2020-04-09,2188.93,309.89,26.77,229.38,153.58,464.72,287.12,24.9,281.03,657.14
2020-04-10,2269.36,217.68,23.25,226.09,197.13,541.82,371.51,21.68,298.4,1172.37
2020-04-11,2751.4,74.78,33.17,360.47,195.07,396.49,1068.67,11.32,535.43,988.16
2020-04-12,2534.18,23.28,21.64,351.6,153.71,167.92,308.31,6.26,379.39,575.84
2020-04-13,1727.07,366.7,25.38,242.25,81.47,419.68,266.64,12.24,210.49,482.93
2020-04-14,2376.49,125.32,27.75,237.87,109.49,553.51,253.11,10.56,221.86,1024.66
2020-04-15,2318.83,357.69,42.2,222.12,160.78,508.24,349.37,16.88,346.02,1327.83
2020-04-16,2507.87,463.02,25.88,283.73,145.28,516.33,394.54,12.8,355.25,1279.94
2020-04-17,2545.11,345.35,49.1,288.53,141.61,490.48,343.25,7.76,425.57,864.96
2020-04-18,2277.25,24.46,20.03,379.16,128,332.21,1133.4,2.4,391.05,516.86
2020-04-19,2805.62,30.21,19.73,356.97,157.17,216.27,506.74,3.3,382.44,551.06
2020-04-20,2238.47,209.72,28.76,294.57,138.68,431.7,1544.45,3.15,328.47,1266.94
2020-04-21,2517.38,220.25,32.75,203.16,138.12,361.17,362.72,4.32,256.24,1224.12
2020-04-22,2257.51,239.89,23.11,281.64,118.99,477.34,220.5,6.11,380.61,896.22
2020-04-23,2301.18,51.56,26.72,230.5,103.44,366.92,287.42,5,266.1,793.87
2020-04-24,2676.81,647.32,35.88,303.04,100.68,476.79,1185.96,12.78,353.31,1950.95
2020-04-25,2672.35,874.95,35.05,299.58,156.79,434,339.68,15.98,494.18,1139.63
2020-04-26,2442.24,45.11,12.91,256.11,112.42,153.07,1429.97,3.44,488.12,568.57
2020-04-27,2319.86,511.67,35.63,239.71,133.16,467.5,437.82,17.94,408.7,1393.88
2020-04-28,2450.13,461.14,38.8,287.22,116.26,695.98,237.13,4.69,403.69,727.91
2020-04-29,2443.94,37.32,10.19,319.24,156.41,179.02,197.07,35.88,461.56,353.71
2020-04-30,2488.74,162.78,26.78,519.53,149.41,470.77,1021.21,7.36,373.57,930.4
2020-05-01,2721.31,93.81,12.73,370.78,198.33,477.98,676.18,27.92,482.74,2794.92
2020-05-02,2802.27,225.59,8.87,424.77,211.1,320.33,301,14.07,482.9,581.75
2020-05-03,2659.61,42.59,5.63,385.52,193.14,214.67,195.79,6.09,468.26,699.57
2020-05-04,2463.91,28.21,7.61,449.37,179.18,171.5,223.74,2.22,526.16,552.6
2020-05-05,2901.14,340.93,9.76,511.5,189.21,167.73,209.49,3.47,347.36,480.01
2020-05-06,2280.36,39.99,3.98,379.22,172.79,220.63,158.05,5.06,437.19,386.04
2020-05-07,2447.32,48.39,14.47,465.36,180.79,433.71,262.48,5.59,407.81,979.56
2020-05-08,2298.4,29.33,6.79,430.83,190.83,526.94,808.68,34.45,363.05,927.34
2020-05-09,2564.16,44.03,17.1,304.92,226.9,385.92,230.45,1.44,430.18,555.22
2020-05-10,2887.65,25.89,4.17,373.95,276.77,164.75,258.58,1.6,397.28,709.04
2020-05-11,2234.33,544.65,14.1,277.52,205.94,466.62,358.39,5.59,289.79,583.13
2020-05-12,2208.72,321.16,8.51,334.97,181.46,443.84,949.06,6.59,289.05,722.16
2020-05-13,2193.94,246.69,15.06,270,202.83,477.3,187.58,15.74,310.9,494.23
2020-05-14,2137.68,139.17,15.77,334.84,194.83,459.22,941.35,3.46,315.1,572.83
2020-05-15,2456.23,195.71,6.3,239.92,195.82,492.23,479.47,8.55,420.83,1308.46
2020-05-16,2597.39,154.58,8.92,550.94,334.4,495.52,660.34,4.83,705.06,1136.66
2020-05-17,2879.91,70.31,3.08,578.36,343.29,190.28,457.14,6.04,434.25,480.56
2020-05-18,2287.22,240.52,5.47,290.37,195.2,472.78,1043.92,13.52,296.05,837.88
2020-05-19,2216.66,87.26,6.86,337.2,175.1,400.6,180.67,1.27,255.45,455.2
2020-05-20,2347.81,62.51,16.09,293.8,262.27,476.83,246.08,3.4,255.67,1144.12
2020-05-21,2231.12,38.57,4.3,263.4,239.18,383.29,271.29,8.19,283.29,1289.6
2020-05-22,2410.46,135.08,22.92,315.99,229.12,574.11,936.98,6.35,289.73,901.46
2020-05-23,2937.99,139.98,20.1,436.96,397.34,381.06,413.94,2.84,506.25,729.07
2020-05-24,2737.19,90.09,15.37,362.46,369.46,241.41,394.06,3.29,393.91,864.78
2020-05-25,2476.17,310.39,19.96,400.07,215.73,588.36,1029.37,50.33,361.8,2329.14
2020-05-26,2305.59,183.84,3.51,329.01,233.26,527.96,207.5,3.62,289.1,1131.66
2020-05-27,2290.65,137.16,13.8,396.27,285.45,531.36,734.58,3.47,469.45,1010.1
2020-05-28,2231.19,163.17,4.86,374.93,245.89,383.72,280.22,2.34,281.3,911.95
2020-05-29,2500.32,258.85,9.25,320.17,294.23,457.54,463.23,6.95,342.85,1009.02
2020-05-30,2938.34,228.39,3.43,459.92,452.68,375.18,632.36,2.44,484.58,786.2
2020-05-31,2649.92,145.37,23.11,594.14,457.66,176.83,433.88,0.17,472.6,827.16
2020-06-01,2369.7,309.61,9.42,393.44,276.99,612.45,280.01,9.11,517.73,2402.09
2020-06-02,2465.32,744.17,8.5,517.06,262.6,405.36,312.07,0.93,314.1,925.14
2020-06-03,2307.6,162.4,11.96,364.71,277.58,448.62,260.32,2.2,255.42,696.96
2020-06-04,2162.07,133.41,2.84,342.66,279.89,434.54,581.85,3.37,292.88,689.24
2020-06-05,2498.22,102.65,4.77,333.14,298.81,518.49,331.95,7.06,367.34,1557.06
2020-06-06,2957.01,573.13,0.86,746.58,493.43,414.54,483.53,6.52,558.96,708.12
2020-06-07,3059.89,36.94,6.71,829.45,600.45,252.89,578.66,4.17,602.41,797.55
2020-06-08,2246.75,1036.79,1.73,389.01,272.12,574.9,696.22,4.14,380.44,618.9
2020-06-09,2373.76,182.05,6.17,357.48,281.25,461.22,857.34,1.58,299.72,718.5
2020-06-10,2367.47,61.97,13.83,365.27,352.49,463.79,302.31,0.86,361.02,1370.91
2020-06-11,2110.39,116.24,2.91,326.32,276.82,510.93,251.76,1.66,241.25,699.43
2020-06-12,2387.73,847.75,8.93,330.88,374.4,734.87,423.42,2.97,338.65,1162.92
2020-06-13,2672.45,111.51,4.85,517.51,516.4,383.92,391.9,2.68,473.95,824.14
2020-06-14,2924.85,296.39,0.39,1005.16,573.91,163.09,401.77,3.12,540.34,801.08
2020-06-15,2356.35,123.79,14.44,432.29,334.69,552.95,542.82,2.02,369.89,1726.6
2020-06-16,2576.89,130.55,2.79,380.46,314.22,507.92,695.94,5.24,354.97,2052.79
2020-06-17,2412.57,99.92,7.5,473.48,375.62,417.5,1074.49,6.99,415.67,780.94
2020-06-18,2175.97,32.94,4.05,497.93,292.6,463.9,336.23,2.55,313.47,772.84
2020-06-19,2347.7,94.65,6.99,461.77,273.3,538.07,1495.36,4.69,347.85,1772.05
2020-06-20,3539.45,104.61,8.56,747.46,642.62,583.21,1267.53,5.52,730.53,1229.47
2020-06-21,3390.89,44.17,2.9,749.49,585.07,248.49,342.88,4.85,595.19,1304.81
2020-06-22,2201.65,432.62,16.49,562.31,260.56,510.22,415.37,1.23,260.88,766.52
2020-06-23,2425.32,426.86,1.02,325.76,244.32,395.84,430.85,0.17,365.18,868.1
2020-06-24,2251.96,356.84,3.7,382.21,248.7,529.57,379.29,1.16,318.98,1372.48
2020-06-25,2318.89,159.33,7.68,433.75,247.1,538.67,571.65,1.76,395.98,2224.64
2020-06-26,2446.52,173.36,5.54,354.03,298.53,629.98,333.51,6.02,385.39,1456.82
2020-06-27,3046.66,46.47,5.74,685.39,475.58,567.11,512.2,2.63,725.43,1095.52
2020-06-28,2938.98,122.99,4.33,962.43,480.18,287.65,365.02,1.55,1021.01,1002.62
2020-06-29,2340.91,274.13,7.23,754.54,265.19,606.22,358.74,3.08,494.14,758.55
2020-06-30,2272.42,395.73,5.6,508.94,265.65,557.14,891.55,5.58,404.29,1443.78
2020-07-01,2450.94,112.59,2.61,382.1,262.08,442.66,697.65,2.64,350.95,2925.83
2020-07-02,2420.99,633.29,6.48,321.45,263.2,432.09,370.54,2.2,379.38,1073.62
2020-07-03,2311.05,448.77,4.79,410.76,263.4,625.67,1749.09,1.01,337.97,1201.45
2020-07-04,2852.33,65.95,5.94,526.13,417.83,502.08,491.94,1.49,659.01,869.76
2020-07-05,3098.48,26.44,1.66,561.21,496.5,234.49,533.77,3.8,659.19,786.27
2020-07-06,2039.01,745.72,5.46,431.18,169.03,436.16,570.48,1.38,333.83,954.6
2020-07-07,2471.87,96.84,6.3,458.22,216.7,519.64,343.91,1.3,332.22,670.03
2020-07-08,2254.02,51.82,2.83,367.89,217.17,505.04,262.44,1.74,290.71,580.65
2020-07-09,2191.54,80.7,3.77,388.94,211.99,368.06,284.71,0.93,272.47,907.74
2020-07-10,2462.64,234.87,8.71,427.84,332.63,596.88,382.59,8.97,468.92,1277.7
2020-07-11,2843.93,55.52,1.94,807.53,469.98,564.36,549.33,2.55,655.79,924.51
2020-07-12,3058.95,48.32,2.13,508.65,401.89,241.89,473.97,0.13,559.95,646.45
2020-07-13,2082.31,265.42,3.21,347.96,222.39,595.23,280.36,1.66,271.4,690
2020-07-14,2114.45,98.51,2.26,315.37,170.75,434.35,233.29,2.42,281.17,734.48
2020-07-15,2348.6,84.44,1.8,375.4,206.7,465.89,784.47,1.28,289.5,1464.76
2020-07-16,2281.54,407.19,6.72,579.43,274.84,726.77,1142.64,2.01,361.9,1300.92
2020-07-17,2363.34,183.94,3.74,274.91,205.45,493.47,403.76,1.25,439.71,841.81
2020-07-18,2981.47,127.98,4.24,596.63,360.66,582.34,470.88,3.8,676.26,862.86
2020-07-19,2943.15,72.44,3.67,639.79,366.18,236.93,430.94,3.72,591.21,1032.52
2020-07-20,2460.04,92.32,2.99,466.73,228.58,601.52,693.85,11.76,535.92,1152.2
2020-07-21,2893.83,309.31,3.25,436.58,200.23,476.82,430.71,8.32,490.52,1320.93
2020-07-22,2507.35,61.36,10.9,434.75,195.44,799.72,343.41,0.95,655.65,1915.17
2020-07-23,2738.94,167.06,3.03,477.05,361.47,227.1,506.35,5.88,650.16,908.36
2020-07-24,2805.54,82.17,2.88,481.07,391.65,183.92,336.57,2.7,420.25,718.18
2020-07-25,2705.23,38.18,9.35,380.12,313.11,448.31,354.25,1.37,532.79,894.78
2020-07-26,2876.44,41.83,5.09,790.76,334.54,210.74,302,1.43,556.57,826.23
2020-07-27,2214.68,811.62,1.11,433.26,182.68,627.27,1287.24,1.84,434.33,1022.41
2020-07-28,2302.66,337.01,0.45,849.06,212.9,636.61,351.05,1.34,315.18,846.71
2020-07-29,2204.22,52.83,7.24,362.83,225.24,585.47,312.25,7.6,360.45,666.17
2020-07-30,2238.32,114.81,4.03,447.91,194.59,421.99,796.91,1.57,455.78,618.51
2020-07-31,2281.04,472.22,5.78,400.52,221.2,669.12,712.98,16.43,354.97,1183.61
2020-08-01,3275.09,223.16,4.04,663.11,325.48,588.02,1044.02,6.04,743.09,2077.42
2020-08-02,3222.83,140.81,4.3,548.21,298.14,240.29,434.96,1.96,531.52,877.71
2020-08-03,2420.3,316.12,5.82,418.87,221.7,718.2,254.05,5.59,353.23,971.42
2020-08-04,2465.7,734.99,2.93,458.26,185.85,556.98,448.24,1.79,341.5,676.76
2020-08-05,2441.28,226.83,4.07,528.02,182.77,653.65,1118.2,4.05,339.49,916.46
2020-08-06,2282.72,507.53,1.45,412.34,208.04,511.84,969.01,0.99,430.68,888.31
2020-08-07,2648.74,482.45,4.33,414.94,282.88,620.31,352.01,2.68,462.52,861.06
2020-08-08,3124.49,155.35,11.39,517.52,320.03,497.4,448.25,1.02,755.81,794.92
2020-08-09,3274.58,66.15,4.6,486.57,314.64,228.36,654.72,3.28,708.36,732.46
2020-08-10,2914.86,56.94,6.23,517.78,311.35,335.02,290.1,2.96,665.5,970
2020-08-11,2847.23,100.67,8.36,455.17,247.47,496.92,1713.01,8.54,514.16,915.21
2020-08-12,2942.96,120.45,7.48,491.56,189.89,464.63,338.01,1.3,650.49,1043.3
2020-08-13,3267.79,235.48,5.94,348.73,230.07,547.42,632.45,1.02,611.04,1148.09
2020-08-14,3167.05,102.11,2.35,475.3,290.69,430.37,319.8,0.47,600.99,1701.13
2020-08-15,2988.95,100.7,6.03,586.57,248.59,233.48,602.95,2.11,489.19,1072.64
2020-08-16,3138.45,66.36,2.09,672.45,280.79,219.01,1282.55,5.63,513.1,1169.78
2020-08-17,2331.12,631.95,5.66,663.36,172.3,525.06,391.16,2.21,412.8,1064.88
2020-08-18,2525.15,93.38,1.41,464.85,211.89,697.13,668.54,1.33,325.19,628.3
2020-08-19,2346.15,73.34,5.33,378.66,150.23,572.45,838.98,0.11,337.22,738.57
2020-08-20,2322.81,336.8,10.83,353.26,145.69,410.56,677.22,0.31,346.19,1156.54
2020-08-21,2422.05,73.78,1.69,397.06,229.22,519.34,857.27,2.74,344.52,1521.87
2020-08-22,2863.17,63.51,2.27,491.13,353.88,464.38,604.86,1.54,529.34,708.72
2020-08-23,2953.84,24.07,6.58,352.17,255.95,297.19,1092.06,1.81,618.32,634.21
2020-08-24,2154.41,72.72,2.01,384.88,185.35,456.68,330.2,0.98,278.5,696.42
2020-08-25,2598.53,159.85,3.33,247.04,164.23,552.73,1013.88,5.84,403.19,1757.69
2020-08-26,2211.84,71.05,12.29,341.2,159.94,611.16,713.06,0.73,263.38,987.95
2020-08-27,2210.65,96.56,1.8,408.55,144.64,593.61,400.01,2.83,417.4,802.99
2020-08-28,2417.58,699.35,5.05,328.8,252.32,521.28,888.76,0.2,363.6,1077.57
2020-08-29,2955.67,136.3,1.44,462.41,288.75,412.93,1227.03,2.15,478.15,706.95
2020-08-30,3040.51,29.58,1.65,497.75,315.24,262.54,418.4,3.55,458.45,642.75
2020-08-31,2108.8,619.01,3.11,224.61,163.88,579.74,424.49,1.17,296.43,1027
2020-09-01,2598.12,96.51,7.72,327.71,189.08,480.45,937.65,4.69,366.71,2185.81
2020-09-02,2237.06,26.34,2.32,596.54,155.4,506.86,901.72,2.07,275.33,694.08
2020-09-03,2184.5,41.36,2.46,269.98,131.16,504.89,379.9,1.1,264.53,713.97
2020-09-04,2498.41,417.63,6.34,280.43,161.05,556.83,397.14,1.48,527.95,876.44
2020-09-05,3261.32,410.81,4.94,497.54,292.67,389.33,1461.94,1.65,632.73,763.7
2020-09-06,2794.79,206.23,3.17,378.38,291.19,148.33,422.09,1.28,558.15,699.77
2020-09-07,1847.45,684,1.54,246.92,107.73,454.06,289.18,0.65,255.08,479.74
2020-09-08,2515.78,285.73,13.08,325.63,128.3,623.03,242.5,1.82,522.91,785.18
2020-09-09,2247.39,64.61,5.02,387.08,153.21,467.26,744.47,1.16,330.82,580.56
2020-09-10,2297.16,91.22,7.2,356.26,186.36,423.47,772,1.63,479.28,735.04
2020-09-11,2430.74,509.52,1.13,331.08,132.85,508.28,550.95,2.38,335.99,747.98
2020-09-12,2983.02,96.32,4.59,344.55,438.49,496.25,547.23,5.03,618.69,657.02
2020-09-13,2936.86,20.2,5.83,384.49,273.87,208.81,632.68,7.11,706.75,819.78
2020-09-14,2145.55,579.35,7.57,312.21,154.81,576.1,458.08,19.68,341.74,589.77
2020-09-15,2362.81,200.25,8.23,321.54,162.58,521.28,1028.01,3.09,474.03,1045.9
2020-09-16,2419.74,603.67,7.57,316.45,213.47,572.75,498.99,2.82,394.26,1376.23
2020-09-17,2268.35,231.8,5.35,250.17,113.92,484.65,488.2,14.89,341.79,912.28
2020-09-18,2487.69,102.75,3.36,247.43,260.07,530.32,531.28,2.93,453.79,1562.42
2020-09-19,3275.28,40.39,7.02,422.75,330.61,426.57,1508.63,3.04,693.22,942.24
2020-09-20,3310.53,82.63,3.74,709.28,457.44,211.33,1079.9,3.9,661.38,924.36
2020-09-21,3198.02,24.44,4.92,511.48,453.26,162.34,395.3,5.05,778.1,765.74
2020-09-22,3110.98,34.96,4.85,636.48,338.78,170.2,1156.22,1.44,700.47,546.07
2020-09-23,2223.88,166.82,12.75,341.46,166.47,487.57,807.1,8.32,313.42,1080.68
2020-09-24,2036.3,583.42,3.35,233.31,214.73,426.84,1399.7,5.99,326.35,626.05
2020-09-25,2403.88,355.09,8.69,507.43,239.03,557.11,350.12,9.29,410.75,2051.63
2020-09-26,3042.84,43.02,9.62,431.34,355.69,416.91,1228.37,10.7,578.34,935.28
2020-09-27,3053.97,55.82,4.9,588.59,433.18,203.59,564.43,1.99,553.33,818.42
2020-09-28,2232.94,360.45,11.84,393.61,231.7,504.08,393.51,1.81,514.6,1068.15
2020-09-29,2421.8,585.64,1.92,290.94,197.16,504.2,299.12,8.09,381.57,705.73
2020-09-30,2412.64,665.93,7.88,386.72,526.28,571.82,964.23,9.85,441.14,1606.37
2020-10-01,2516.99,302.04,7.64,337.93,285.87,529.61,615.47,7.5,432.21,2120.66
2020-10-02,2339.2,222.86,4.96,354.74,216.59,450.71,463.8,14.96,434.93,779.59
2020-10-03,3051.2,94.47,4.38,566.05,452.07,559.06,705.78,3.99,754.85,956.77
2020-10-04,3033.87,64.18,7.44,462.28,427.63,282.12,503.74,4.87,621.06,788.01
2020-10-05,2166.88,233.2,17.71,317.38,287.76,499.81,348.9,5.01,428.02,1011.73
2020-10-06,2372.82,89.48,6.73,245.33,244.93,592.37,226.87,3.94,419.11,685.59
2020-10-07,2315.44,487.05,13.74,417.93,252.61,455.23,660.69,5.85,414.01,754.63
2020-10-08,2050.46,260.66,9.25,198.65,257.59,664.94,213.26,2.39,326.72,602.83
2020-10-09,2401.27,639.52,3.85,258.43,245.21,426.03,2438.06,4.88,308.68,776.03
2020-10-10,2899.3,25.15,7.89,461.41,448.93,544.41,530.89,2.53,665.99,888.94
2020-10-11,3185.9,144.18,12.1,532.01,602.87,283.85,658.16,1.29,715.29,857.94
2020-10-12,2167.85,174.43,10.52,321.1,226.07,793.31,408.51,7.75,497.44,794.82
2020-10-13,2295.09,235.11,9.05,326.36,224.26,538.25,255.88,1.51,470.19,437.04
2020-10-14,2179.19,248.17,10.11,926.46,256.97,542.57,446.93,2.93,409.7,952.17
2020-10-15,2265.68,59.87,16.44,298.67,288.02,456.13,421.7,8.31,340.89,1606.68
2020-10-16,2685.63,478.69,28.64,346.82,420.31,661.26,1683.95,4.68,576.6,1471.48
2020-10-17,2892.73,164.82,19.6,646.83,582.87,340.79,401.98,2.07,493.99,705.4
2020-10-18,3305.2,598.08,18.38,866.36,528.13,236.48,445.44,0.73,753.34,818.15
2020-10-19,2149.24,723.31,15.32,353.52,283.23,491.37,592.21,1.7,333.28,586.04
2020-10-20,2477.23,589.62,14.25,345.66,310.85,537.96,280.11,1.6,436.51,1731.12
2020-10-21,2324.82,89.46,13.83,287.5,236.25,388.31,552.49,0.5,461.32,1084.54
2020-10-22,2153.51,65.96,14.95,332.03,263.94,486.02,1200.66,0.02,338.15,764.41
2020-10-23,2374.15,926.91,32.84,281.62,241.13,564,312.91,1.5,376.51,1495.15
2020-10-24,3171.49,165.93,24.86,604.51,609.16,472.63,454.74,2.65,702.11,856.47
2020-10-25,3218.94,55.17,23.45,501.25,517.95,214.11,429.02,0.47,863.38,1113.98
2020-10-26,2283.31,424.69,40.02,261.98,254.84,597.36,422.28,3.17,380.53,1192.92
2020-10-27,2341.78,500.83,14.99,372.97,289.37,515.43,556.09,1.97,460.87,690.45
2020-10-28,2296.61,32.07,18.46,271.32,316.69,540.43,237.64,0.95,385.21,1185.3
2020-10-29,2232.69,346.8,19.92,251.13,231.69,490,691.12,4.45,430.29,763.71
2020-10-30,2479.89,797.18,18.62,438.76,298.79,766.47,1051.54,1.12,376.99,1164.61
2020-10-31,2770.29,779.49,19.82,322.08,447.24,692.1,619.03,1.56,582.72,1046.77
2020-11-01,3304.46,76.85,31.12,718.09,571.3,386.09,503.68,6,794.6,2335.8
2020-11-02,2287.91,592.08,30.63,228.37,241.99,682.99,1251.5,4.92,467.46,1562.32
2020-11-03,2976.25,66.97,20.35,451.63,390.52,178.74,299.27,1.65,504.37,859.15
2020-11-04,2259.26,252.83,40.27,286.47,229.47,516.03,260.72,2.84,370.22,725.64
2020-11-05,2272.17,464.53,17.46,386.66,286.48,555.3,386.54,3.63,489.03,732
2020-11-06,2367.34,708.35,26.3,281.33,282.3,688.39,558.68,1.96,454.6,873.36
2020-11-07,2970.38,60.48,32.67,397.22,426.23,432.27,551.34,2.44,702.8,921.35
2020-11-08,3201.15,71.58,21.34,604.48,455.46,181.96,864.84,0.35,604.34,802.71
2020-11-09,2195.23,209.05,30.85,278.19,262.49,658.67,345.95,0.58,476.23,629.72
2020-11-10,2430.89,471.3,26.59,313.9,334.42,628.98,471.51,1.16,425.26,755.19
2020-11-11,2255.16,678.79,33.86,257.77,278.68,527.48,1160.57,2.15,400.41,829.02
2020-11-12,2248.51,495.07,32.46,305.05,263.87,403.6,376.03,6.24,389.23,638.62
2020-11-13,2414.48,177.64,33.48,241.36,284.62,817.76,408.34,2.18,506.17,948.36
2020-11-14,3081.26,151.38,32.94,545.13,450.49,505.17,1176.56,2.39,666.57,663.16
2020-11-15,3028.13,71.98,37.57,576.51,463.95,216.31,1048.21,3.02,657.41,936.71
2020-11-16,2401.5,307.8,29.81,344.56,299.96,974.24,783.74,4.21,452.46,1573.12
2020-11-17,2382.16,370.4,22.72,227.71,229.47,502.58,284.83,2.39,304.07,567.39
2020-11-18,2276.37,228.98,15.55,305.33,231.96,542.73,330.72,1.49,480,614.55
2020-11-19,2308.23,179.13,17.02,234.56,331.75,621.03,422.79,2.91,326.35,593.83
2020-11-20,2619.45,140.2,17.04,445.73,326.05,812.28,939.52,2.17,520.09,1641.96
2020-11-21,3057.83,97.65,14.2,475.76,451,466.23,1776.02,0.89,822.49,772.61
2020-11-22,3153.93,63.73,19.7,454.46,502.72,279.44,1184.6,6.51,718.59,988.6
2020-11-23,2765.06,327.24,24.36,471.38,348.89,212.89,452.33,2.86,596.57,727.95
2020-11-24,2345.18,569.41,24.42,278.39,208.02,452.45,408.69,2.03,384.17,713.58
2020-11-25,2435.21,588.09,50.75,306.83,307.14,554.39,1297.68,1.09,558.69,2171.49
2020-11-26,2296.93,890.63,34.94,294.04,250.68,438.04,444.26,2.69,361.05,1159.79
2020-11-27,2492.82,357.75,43.05,391.41,351,589.68,504.06,3.24,647.58,1122.96
2020-11-28,3005.12,236.58,36.44,600.83,525.01,382.74,1434.21,1.26,722.54,1039.44
2020-11-29,3172.86,37.23,43.96,491.79,502.85,224.02,555.68,3.64,564.32,729.77
2020-11-30,2244.52,562.01,34.73,353.12,251.66,462.83,1298.17,0.87,425.11,1400.54
2020-12-01,2731.4,208.54,42.28,289.85,312.64,700.58,717.59,6.98,446.76,2268.16
2020-12-02,2306.51,295.2,78.03,444.06,289.54,473.09,703.34,0.49,479.65,1039.33
2020-12-03,2449.78,101.33,36.91,368.61,279.18,399.01,1433.41,1.31,430.58,998.02
2020-12-04,2593.64,155.47,34.16,331.29,264.45,674.98,882.82,2.09,618.59,1159.52
2020-12-05,3309.51,67.4,59.69,517.48,380.12,478.67,538.7,2.35,608.2,1170.75
2020-12-06,3259.16,87.89,32.04,664.48,655.34,226.8,418.39,4.08,670.08,1029.2
2020-12-07,2358.73,238.37,48.31,360.97,228.92,552.15,337.06,2.4,389.38,1279.4
2020-12-08,2575.64,431.8,33.59,316.95,212.34,508.75,545.83,1.27,372.57,637.02
2020-12-09,2385.05,145.62,47.91,396.23,298.91,403.95,406.67,1.01,359.67,710.5
2020-12-10,2512.3,111.25,34.76,707.28,263.38,504.79,810.23,5.62,441.76,1961.35
2020-12-11,2546.82,143.52,42.54,442.62,347.26,564.19,489.53,0.35,565.53,1208.2
2020-12-12,3207.42,607.34,48.25,494,581.16,391.88,595.6,0.64,774.26,993.03
2020-12-13,3175.08,41.24,56.3,646.79,580.99,261.02,571.11,2.25,835.84,838.03
2020-12-14,2211.66,122.88,44.42,389.32,288.73,569.91,338.71,1.55,435.57,699.32
2020-12-15,2692.22,426.69,63.04,373.56,321.02,786.34,1071.47,3.41,530.75,1953.93
2020-12-16,2611.39,851.15,104.75,502.13,318.25,846.29,812.3,1.19,494.3,1615.72
2020-12-17,2420.35,181.33,75.91,364.32,315.44,665.57,378.06,1.39,532.78,1245.52
2020-12-18,2842.98,460.87,64.32,419.71,366.52,578.87,679.49,1.6,494.93,1448.67
2020-12-19,3288.65,115.04,68.23,799.49,589.29,542.61,572.83,1.57,953.62,1034.44
2020-12-20,3562.55,110.44,85.3,653.6,657.22,277.27,862.95,3.26,997.92,1189.89
2020-12-21,2561.43,384.49,77.96,426.46,277.17,565.72,434.44,2.72,535.8,1593.56
2020-12-22,2745.09,1170.76,85.3,397.88,273.09,551.88,907.98,10,670.74,902.44
2020-12-23,2864.2,1295.8,77.36,451.8,270.86,447.03,565.55,0.87,728.76,996.91
2020-12-24,3618.1,540.75,62.7,421.95,321.58,455.26,973.68,0.63,528.15,991.75
2020-12-25,3516.29,75.2,72.29,393.57,334.54,545.96,719.99,3.28,645.92,3176.83
2020-12-26,3590.37,247.29,103.51,675.65,448.78,543.06,723.6,6.17,745.42,1003.38
2020-12-27,4039.29,82.72,77.51,571.72,485.96,253.08,478.3,3.1,898.33,957.23
2020-12-28,3837.09,314.17,82.67,406.15,284.81,486.91,702.38,7.9,801.82,1453.79
2020-12-29,4845.57,582.27,82.41,594.03,349.75,367.22,421.82,1.39,795.12,1732.66
2020-12-30,5607.67,63.5,103.75,494.83,341.02,232.79,355.9,3.15,794.21,1267
2020-12-31,5649.11,34.41,49.94,296.11,217.18,133.2,202.3,0.19,472.63,1436.12
2021-01-01,1390.23,9.38,5.82,304.85,319.01,63.48,143.57,0.51,605.49,7146.09
2021-01-02,2196.08,16.75,23.13,546.51,542.6,105.77,278.03,3.2,749.68,2036.5
2021-01-03,2273.55,52.51,21.3,350.18,512.26,117.17,594.05,9.4,716.11,1661.36
2021-01-04,2258.54,23.44,61.67,488.45,390.38,502.96,1021.9,1.76,574.79,1365.37
2021-01-05,2436.17,218.19,77.48,310.49,265.48,521.23,249.15,0.64,366.75,1041.79
2021-01-06,2319.46,196.06,80.71,432.49,338.43,451.53,396.54,0.64,269,750.22
2021-01-07,1996.31,244.77,58.1,269.37,217.05,356.56,452.75,1.04,248.13,629.45
2021-01-08,2015.53,68.08,66.69,323.43,209.95,539.93,280.34,2.35,354.12,798.74
2021-01-09,2581.65,60.25,99.19,373.87,301.51,331.42,355.08,3.01,424.58,669.97
2021-01-10,2850.74,83.97,70.81,486.1,460.83,204.75,402.48,0.8,669.76,1162.65
2021-01-11,2497.54,59.6,96.25,438.04,377.87,211.91,362.5,1.58,374.08,681.27
2021-01-12,2111.54,44.52,61.01,286.77,246.96,564.35,383.1,6.38,277.15,823.04
2021-01-13,2072.91,70.42,76.89,283.91,193.76,511.96,270.3,0.69,248.99,642.98
2021-01-14,2031.17,96.54,47.78,253.64,223.51,432.96,753.68,0.74,353.59,565.56
2021-01-15,2283.89,53.7,69.71,345.39,267.84,675.32,501.17,0.87,314.15,1162.85
2021-01-16,2899.45,52.75,102.42,402.84,291.14,431.65,568.53,2.88,552.89,1244.09
2021-01-17,2896.07,25.78,61.07,514,326.34,199.94,700.54,1.47,423.93,774.59
2021-01-18,2089.13,912.29,60.38,269.57,311.47,658.01,311.49,5.13,312.6,1445.09
2021-01-19,2243.27,250.58,90.23,246.09,174.42,456.08,459.9,3.06,345.72,720.42
2021-01-20,2357.14,237.85,79.44,258.62,204.38,612.07,310.79,0.97,266.02,1128.32
2021-01-21,2149.63,184.37,67.46,243.97,210.56,506.79,284.44,14.06,238.26,1011.65
2021-01-22,2273.02,516.49,69.4,281,175.22,581.93,265.38,1.54,267.35,1020.22
2021-01-23,2865.14,41.08,77.36,400.48,321.71,440.94,395.6,1.64,447.41,597.03
2021-01-24,2654.9,82.9,61.87,391.84,314.15,204.73,1148.43,5.16,390.44,808.71
2021-01-25,2417.47,491.77,78.35,452.12,212.49,588.66,862.23,3.62,351.19,1985.16
2021-01-26,2359.21,805.04,93.18,231.92,176.48,574.04,982.18,3.82,301.22,1240.86
2021-01-27,2162.58,34.9,66.21,294.08,177.35,406.39,792.54,4.48,334.95,806.59
2021-01-28,2171.17,17.37,51.75,215.24,177.68,514.15,528.47,1.49,260.44,825.53
2021-01-29,2345.2,103.29,70.97,275.7,152.62,431.62,849.8,10.86,459.92,960.07
2021-01-30,3024,56.24,63.39,486.5,294.87,390.07,509.07,5.72,403.32,1113.46
2021-01-31,2732.45,49.8,80.06,419.57,303.8,200.45,435.78,2.33,391.31,810.18
2021-02-01,2322.8,259.5,57.58,477.55,187.09,788,599.63,1.98,348.74,1855.12
2021-02-02,3072.47,337.8,38.19,270.86,140.83,514.11,338.13,8.64,275.2,598.41
2021-02-03,2063.51,515.49,81.75,227.48,177.9,477.9,352.92,4.97,264.03,790.83
2021-02-04,2068.03,87.19,57.96,204.16,188.29,395.23,539.63,2.22,288.47,566.03
2021-02-05,2440.45,51.93,86.96,338.37,210.49,569.26,582.03,2.17,353.57,871.56
2021-02-06,3008.1,58.78,63.15,400.71,325.66,411.66,507.12,2.17,564.05,642.86
2021-02-07,3034.98,48.96,49.85,578.55,419.93,203.88,346.88,1.55,470.36,825.41
2021-02-08,2150.36,724.08,46.11,219.71,188.53,468.67,428.79,2.77,296.37,466.56
2021-02-09,2339.26,75.45,69.01,236.69,175.67,462.72,323.64,12.49,294.48,538.98
2021-02-10,2415.04,48.74,80.62,297.96,201.81,513.25,911,4.45,599.05,1025.76
2021-02-11,2664.75,77.12,61.15,419.92,340.3,201.49,407.87,2.07,731.58,641.58
2021-02-12,2453.64,281.09,52.18,294.32,171.76,523.31,348.52,7.01,368.17,744.8
2021-02-13,2873.1,37.32,53.61,278.37,332.35,424.83,365.84,0.91,422.79,625.18
2021-02-14,2930.38,17.22,36.25,442.1,236.77,184.01,398.72,3.44,454.67,612.85
2021-02-15,1903.15,298.78,42.82,267.22,185.67,496.99,372.49,9.67,309.82,1299.86
2021-02-16,2560.41,253.83,63.56,307.74,203.87,628.31,792.1,1.18,409.86,1633.1
2021-02-17,2123.68,165.41,53.89,232.31,154.08,548.17,1268.05,2.8,290.65,765.86
2021-02-18,2130.34,229.42,53.72,228.13,153.53,404.6,309.22,0.79,266.61,1051.68
2021-02-19,2420.86,276.71,53.61,222.44,174.31,653.05,355.43,0.68,287.89,1405.21
2021-02-20,3140.97,41.77,72.54,403.14,361.77,490.79,1998.45,6.44,687.15,818.76
2021-02-21,2968.46,52.82,44.09,495.64,345.13,271.05,660.1,2.22,552.11,762.23
2021-02-22,2242.79,310.93,48.82,238.64,183.16,542.73,1315.53,20.22,362.19,1583.32
2021-02-23,2653.2,96.72,32.53,405.65,360.46,200.88,424.45,2.61,512.91,631.34
2021-02-24,2183.35,767.71,71.9,255.95,191.09,485.94,1592.56,25.79,304.29,933.06
2021-02-25,2420.26,359.99,62.88,262.63,169.68,609.69,392.74,4.82,303.16,1983.18
2021-02-26,2371.03,241.68,80.5,342.27,293.06,750.89,766.96,1.61,333.58,1478.33
2021-02-27,3035.15,160.82,86.37,407.8,370.4,581.38,543.49,3.01,518.8,1032.67
2021-02-28,2973.45,54.62,56.78,422.75,442.55,227.64,561.09,5.82,605.42,1390.93
2021-03-01,2495.89,156.4,91.93,330.54,208.54,726.05,782.55,4.98,446.62,3247.13
2021-03-02,2044.05,74.06,29.93,225.65,139.92,536.84,472.97,7.32,261.4,880.65
2021-03-03,2744.96,455.79,49.16,219.01,265.75,422.57,1076.64,2.01,359.7,860.33
2021-03-04,2104.22,404.75,98.61,259.13,287.85,439.27,291.48,7.18,367.2,879.71
2021-03-05,2370.07,410.52,56.72,261.85,241.98,439.4,432.82,0.51,424.81,1241.54
2021-03-06,2981.94,231.36,41.44,319.81,443.58,457.17,1639.2,11.58,737.13,1053.7
2021-03-07,3110.38,17.99,38.83,514.98,501.48,335.72,1483.27,3.64,661.3,815.6
2021-03-08,2069.06,260.36,28.14,286.65,223.25,481.75,913.79,17.53,442.07,1391.55
2021-03-09,2432.58,130.11,42.65,284.73,261.65,492.08,296.94,4.3,404.95,854.18
2021-03-10,2414.49,239.27,68.77,360.91,302.88,507.01,1727.1,4.82,613.62,1822.29
2021-03-11,2240.82,66.27,31.04,340.68,273.76,472.63,497.48,2.49,495.08,1071.5
2021-03-12,2398.26,779.42,33.43,300.14,257.32,507.9,680.07,16.23,495.13,1376.79
2021-03-13,2736.11,80.79,48.78,434.86,453.19,384.74,408.14,7.4,739.04,906.36
2021-03-14,3137.02,24.05,38.91,615.44,583.24,188.04,640.4,10.28,685.78,952.92
2021-03-15,2204.01,141.89,39.28,445.24,248.08,598.16,653.14,18.92,384.17,1716.1
2021-03-16,2432.1,345.63,32.28,312.21,240.32,545.11,766.65,50.91,745.92,1639.66
2021-03-17,2313.8,79.81,28.39,243.14,385.2,666.45,396.4,29.04,520.42,789.3
2021-03-18,2339.86,310.18,35.98,312.23,326.26,880.46,440.67,46.16,455.47,1162.35
2021-03-19,2608.7,186.39,30.77,306.81,330.26,540.85,574.94,44.02,559.23,1424.08
2021-03-20,3448.4,655.37,23.49,592.93,563.84,337.19,1229.47,53.47,840.27,1603.43
2021-03-21,2533.16,19.73,15.05,433.11,437.75,165.74,438.08,19.27,537.77,1670.52
2021-03-22,2265.38,919.7,32.07,346.18,260.6,444.26,454.82,33.89,668.25,1401.55
2021-03-23,2418.56,759.77,31.09,281.09,256.55,439,338.01,88.33,487.71,1360.47
2021-03-24,2314.44,58.46,52.1,308.53,292.14,450.56,365.83,45.95,650.82,694.61
2021-03-25,2397.77,465.58,39.42,493.09,318.91,477.14,488.54,31.78,461.15,2250.63
2021-03-26,2551.53,683.63,50.24,273.81,309.17,540,812.07,37.93,648.25,1474.35
2021-03-27,3207.27,199.81,28.84,625.49,503.66,550.66,1275.09,11.16,620.69,1073.85
2021-03-28,2882.82,233.95,23.95,478.96,512.67,244.7,810.46,20.58,696.37,1534.48
2021-03-29,2326.79,901.14,35.51,437.06,271.67,484.23,482.01,15.84,605.2,1501.19
2021-03-30,2464.24,268.9,21.53,315.09,356.19,563.82,1358,41.54,485.75,958.44
2021-03-31,2248.28,322.19,15.71,285.61,315.74,569.01,556.8,14.38,863.37,971.45
2021-04-01,2479.28,361.66,13.69,570.03,350.3,448.36,1464.35,92.47,521.79,2428.7
2021-04-02,2311.65,199.75,32.3,445.64,412.92,504.22,1834.56,49.99,472.36,1809.38
2021-04-03,3158.37,45.94,13.42,617.73,490.78,530.79,947.4,22.92,696.44,1241.21
2021-04-04,2916.93,72.6,8.83,486.85,749.68,230.98,531.01,10.67,864.62,1151.99
2021-04-05,2214.01,69.8,11.2,270.79,338.24,552.71,601.32,53.06,398.73,2522.86
2021-04-06,2381.64,135.81,37.72,262.36,304.5,511.39,297.62,39.39,432.68,1272.05
2021-04-07,2207.34,91.65,33.35,240.67,288.95,473.33,437.83,79.09,408.82,1022.39
2021-04-08,2136.66,249.55,17.78,235.48,247.05,484.7,414.77,34.19,386,571.34
2021-04-09,2368.27,196.05,16.33,350.78,279.17,486.5,439.07,20.27,359.07,982.14
2021-04-10,3094.04,51.51,29.95,467.82,406.26,456.22,664.85,8.73,697.02,1062.29
2021-04-11,3015.94,39.58,10.85,391.5,369.95,270.56,1420.1,14.6,573.91,1226.19
2021-04-12,2136.44,80.15,23.05,246.07,205.66,425.02,252.86,17.38,462.43,970.66
2021-04-13,2020.79,591.52,20.02,191.14,169.96,423.33,343.97,12.8,365.16,535.71
2021-04-14,2011.99,216.46,17.27,183.82,197.31,435.14,1454.02,8.72,341.44,846.92
2021-04-15,2377.39,352.28,13.77,382.3,246.9,433.01,1077.23,16.88,352.08,1833.92
2021-04-16,2446.39,420.92,26.71,281.81,266.04,752.8,628.56,37.51,771.5,2566.94
2021-04-17,2898.74,58.01,13.64,384.57,368.09,658.17,1776.62,12.02,637.86,938.61
2021-04-18,3096.08,46.69,28.87,544.78,507.26,205.73,1047.85,11.5,609.22,868.01
2021-04-19,2199.95,744.94,26.47,270.86,251.75,618.61,754.94,7.94,388.32,616.51
2021-04-20,2499.41,820.37,79.57,275.75,223.33,494.12,530.41,5.58,400.95,1390.96
2021-04-21,2228.11,343.94,7.11,223.84,251.15,500.11,424.03,5.31,386.97,1157.26
2021-04-22,2168.83,634.97,9.09,255.54,242.19,430.26,429.92,5.24,379.11,1350.4
2021-04-23,2432.94,551.04,20.72,342.3,281.27,455.04,842.83,2.29,553.68,1736.26
2021-04-24,2995.15,267.59,37.75,529.11,523.25,453.54,547.79,9.32,750.45,984.69
2021-04-25,3091.79,90.59,13.36,444.39,386.57,213.89,499.64,10.25,717.9,881.7
2021-04-26,2200.57,762.25,36.75,299.72,174.17,630.97,1218.53,3.37,511.79,1904.07
2021-04-27,2371.98,172.12,19.37,243.9,170.52,619.42,326.29,7.77,682.47,929.03
2021-04-28,2204.23,197.01,43.5,227.46,201.65,447.86,441.21,15.07,369.36,1266.6
2021-04-29,2333.6,70.86,10.96,285.14,338.33,174.98,377.11,2.91,411.51,786.98
2021-04-30,2674.96,556.29,18.81,290.5,303.04,454.8,568.77,3.38,684.55,1164.03
2021-05-01,3108.13,78.63,22.27,403.72,358.64,424.34,607.04,2.21,816.97,2384.43
2021-05-02,3151.83,39.22,15.01,363.53,342.86,170.61,490.17,3.84,671.61,934.99
2021-05-03,2997.65,35.96,14.46,315.87,345.78,144.21,339.22,3.49,681.89,693.23
2021-05-04,3013.67,26.3,7.81,364.89,324.52,171.43,323.74,4.07,619.09,683.33
2021-05-05,2711.22,64.2,7.05,346.04,305.55,176.17,339.75,3.9,749.3,773.68
2021-05-06,2372.81,568.38,13.79,283.88,210.01,476.45,820.86,7.48,438.2,2052.95
2021-05-07,2216.32,655.73,8.15,334.81,266.92,624.77,466.94,12.22,391.88,1140.97
2021-05-08,2817.87,85.78,11.43,514.12,338.86,501.29,378.41,2.58,593.86,946.38
2021-05-09,2956.07,81.92,8.24,553.78,434.15,167.41,389.9,4.94,547.88,751.56
2021-05-10,2174.73,267.34,19.48,320.02,235.38,606.88,2112.19,12.77,355.09,1824.08
2021-05-11,2285.65,60.03,10.49,333.65,227.47,487.18,288.33,0.61,388.97,834.28
2021-05-12,1993.41,291.28,20.77,378.94,199.63,545.24,286.98,12.2,285.58,695.81
2021-05-13,1931.95,117.42,6.76,199.96,203.92,585.72,266.07,0.92,353.09,578.42
2021-05-14,2312.83,562.91,2.54,511.56,243.12,882.03,594.12,3.1,407,762.93
2021-05-15,2795.4,67.4,10.01,490.92,332.95,439.29,1770.82,1.99,464.37,1003.19
2021-05-16,3022.5,38.95,2.36,549.19,348.07,238.18,613.39,1.23,842.48,1028.78
2021-05-17,2094.37,272.9,10.4,524.83,192.53,611.09,899.61,0.37,417.44,838.7
2021-05-18,2281.57,392.65,12.54,325.3,229.55,605.96,376.53,2.76,340.45,619.46
2021-05-19,2080.19,174.69,7.3,267.71,240.43,626.56,965.39,0.89,303.39,690.24
2021-05-20,2211.67,69.89,7.5,258.69,231.6,405.84,383.95,1.99,506.58,1233.64
2021-05-21,2078.78,296.8,15.94,332.14,214.2,513.79,354.78,1.06,331.44,1398.78
2021-05-22,2989.71,382.19,3.58,492.34,433.05,496.45,829.29,4.24,510.08,872.41
2021-05-23,2932.36,306.92,3.63,557.15,364.11,202.07,2577.91,2.33,581.87,614.93
2021-05-24,2121.37,753.98,17.05,433.18,185.08,489.53,521.94,0.93,359.39,875.13
2021-05-25,2546.91,104.52,9.66,293.19,307.13,914.18,558.44,1.73,412.06,2307.72
2021-05-26,2256.58,168.18,10.32,359.22,207.08,357.38,648.12,1.55,484.65,962.39
2021-05-27,1886.12,648.58,7.63,378.45,194.59,458.64,341.36,0.22,336.76,632.27
2021-05-28,2386.2,301.66,11.45,306.16,306.46,398.38,1066.82,3,371.06,684.55
2021-05-29,2865.97,58.83,9.21,527.99,357.2,537.98,556.65,5.56,534.36,674.23
2021-05-30,3057.7,507.54,5.28,452.11,357.87,303.04,451.95,4.65,480.51,957.86
2021-05-31,2061,423.12,19.73,272.45,209.32,384.03,321.91,0.14,469.23,933.99
2021-06-01,2597.26,311.3,6.97,403.84,228.9,458.43,275.93,1.02,333.04,2497.48
2021-06-02,2270.14,448.13,10.22,343.03,221.64,572.64,356.51,0.74,328.19,780.77
2021-06-03,2251.63,724.93,4.75,231.9,242.47,453.47,274.8,4.78,298.57,614.74
2021-06-04,1893.04,93.1,5.54,219.63,228.42,495.52,252.8,2.06,246.25,898.44
2021-06-05,3291.48,84.8,7.1,534.96,489.7,561.2,947.3,1.89,611.84,911.72
2021-06-06,2915.78,38.95,2.92,530.3,389.51,247.87,380.81,1.14,589.23,850.49
2021-06-07,2229.92,229.02,4.74,308.88,179.1,553.72,1656.49,3.67,257.98,780.93
2021-06-08,2324.05,450.31,2.39,435.4,242.25,454.83,256.95,1.2,533.19,440.97
2021-06-09,2189.21,219.81,4.48,300.28,272.58,398.9,323.2,0.99,343.27,671.32
2021-06-10,2256.5,258.24,5.12,427.36,303.59,837.23,374.68,2.44,454.55,1346.53
2021-06-11,2317.72,379.27,8.17,322.57,456.12,517.79,297.16,3.27,424.26,546.62
2021-06-12,2920.08,413.84,8.57,565.89,443.64,471.49,464.45,0.84,651.79,798.45
2021-06-13,2885.88,147.76,4.34,430.51,495.82,200.82,498.76,1.37,608.04,821.81
2021-06-14,1960.31,238.25,7.92,255.42,224.19,422.49,234.22,1.63,316.35,458.1
2021-06-15,2386.23,124.76,2.73,336.48,259.82,558.75,592.37,4.44,334.74,1465.67
2021-06-16,2277.79,705.02,12.26,677.58,285.85,622.14,524.8,0.87,341.94,1393.88
2021-06-17,2318.43,175.58,8.93,339.36,250.17,568.32,310.51,1.95,300.55,695.53
2021-06-18,2416.12,17.8,3.43,268.57,285.74,491.6,405.8,3.54,291.57,1043.64
2021-06-19,2993.7,113.2,3.66,538.67,462.01,383.05,615.03,3.32,493.26,802.36
2021-06-20,3591.19,31.55,13.84,663.15,476.48,313.9,739.02,1.61,542.38,808.82
2021-06-21,2161.07,410.24,9.13,425.77,256.76,494.53,1111.01,8.17,592.41,1436.82
2021-06-22,2259.16,202.68,7.22,339.27,205.56,588.31,383.86,0.63,435.96,703.36
2021-06-23,2202.34,228.71,8.16,556.06,193.15,481.59,247.09,2.29,386.96,572.94
2021-06-24,2183.65,366.02,2.3,434.33,186.14,392.25,356.01,1.01,278.48,590.58
2021-06-25,2687.26,188.14,7.22,319.68,348.58,490.83,502.1,0.55,474.01,2432.67
2021-06-26,3166.85,107.79,3.07,461.61,338.23,550.25,550.46,7.56,635.46,1210.98
2021-06-27,2965.27,212.84,8.99,567.41,379.34,190.34,433.68,1.46,511.41,1029.87
2021-06-28,2149.54,341.01,11.59,299.5,195.11,587.33,1178.26,1.51,397.87,859.34
2021-06-29,2223.68,354.02,6.56,323.3,254.15,401.47,380.08,12.76,312.41,608.02
2021-06-30,2318.9,211.03,8.98,434.94,232.11,887.86,513.4,1.27,413.83,1214.4
2021-07-01,2291.59,509.42,6.84,272.88,231.19,522.38,559.83,0.65,423.21,2300.76
2021-07-02,2215.64,239.09,1.43,356.71,230.07,532.11,346.1,2.21,321.61,941.71
2021-07-03,3096.86,115.14,2.76,678.87,460.2,461.17,478.68,1.46,657.65,1077.57
2021-07-04,3051.5,16.01,5.87,576.21,409.04,197.17,588.72,7.32,507.08,1353.92
2021-07-05,2216.38,333.74,10.78,385.89,228.1,586.38,889.83,6.35,328.09,1129.16
2021-07-06,2378.71,75.51,2.91,309.22,192.74,418.38,998.08,1.63,306.44,795.11
2021-07-07,2161.26,277.44,6.65,353.51,274.26,465.08,269.44,3.82,374.65,523.39
2021-07-08,2134.88,285.52,2.92,312.91,184.67,342.91,570.58,4.29,229.53,643.48
2021-07-09,2263.47,312.67,3.9,332.3,254.35,577.59,522.01,2.41,401.83,954.34
2021-07-10,3183.78,73.39,4.64,460.67,335.88,392.88,354.76,2.99,574.16,1012.91
2021-07-11,3109.63,131.57,7,432.35,397.87,252.64,697.66,4.45,648.71,764.11
2021-07-12,2210.54,539.45,0.43,534.17,279.49,495.1,668.32,3.55,366.67,727.63
2021-07-13,2334.3,57.74,7.08,295.37,202.49,435.5,298.86,1.9,415.2,715.1
2021-07-14,2062.04,245.84,0.39,396,207.88,509.08,321.1,5.55,321.09,668.25
2021-07-15,2210.38,259.95,2.38,228.85,200.89,466.7,500.66,3.24,397.95,1218.22
2021-07-16,2505.86,548.56,0.77,322.41,272.61,573.49,790.08,1.39,356.58,1532.59
2021-07-17,2990.56,23.82,8.17,555.16,558.54,548.92,464.18,5.22,676.01,848.97
2021-07-18,2989.03,45.99,2.63,548.38,416.87,241.65,476.13,4.86,582.88,690.52
2021-07-19,2271.91,377.47,11.47,459.62,234.42,520.95,1069.31,4.7,354.32,857.34
2021-07-20,2537.59,354.72,5.09,686.11,200.32,565.17,348.52,1.35,327.36,1104.09
2021-07-21,2462.29,111.28,8.2,522.84,242.52,699.88,368.2,2.62,608.45,1965.01
2021-07-22,2856.63,73.99,5.47,600.01,398.75,211.61,547.86,1.58,574.56,1050.31
2021-07-23,2866.64,39.43,1.77,522.15,392.23,204.28,627.5,5.1,479.31,1017.28
2021-07-24,2813.29,73.75,3.76,665.22,275.75,362.35,636.63,3.67,793.05,952.5
2021-07-25,3029.47,82.93,3.81,596.99,344.47,233.26,375.35,5.78,797.09,1004.78
2021-07-26,2482.83,120.66,10.12,370.6,164.85,494.49,1516.34,2.84,485.83,1457.89
2021-07-27,2402.93,870.72,3.61,246.17,196.56,401.42,1332.52,6.17,410.21,841.12
2021-07-28,2634.89,157.82,7.05,284.77,152.74,473.31,712.15,2.3,313.34,650.06
2021-07-29,2141.88,204.52,6.08,378.99,184.35,389.06,595.87,0.37,414.31,604.14
2021-07-30,2420.76,464.09,11.97,422.35,199.85,724.37,357.33,9.89,531.43,1169.2
2021-07-31,2616.87,65.25,6.06,497.81,297.68,489.84,926.98,1.3,682.17,1167.15
2021-08-01,3261.76,114.69,11.78,774.02,341.19,251.08,1407.55,14.3,757.14,1837.02
2021-08-02,2265.43,20.85,5.32,356.51,144.4,544.11,463.72,14.81,449.71,1758.95
2021-08-03,2358.2,206.42,11.31,316,154.63,491.16,306.29,0.6,335.8,745.77
2021-08-04,2225.85,271.5,1.08,470.59,204.73,533.26,405.57,1.69,412.45,719.54
2021-08-05,2437.29,390.31,1.16,231.71,164.15,455.48,473.72,1.29,385.36,876.39
2021-08-06,2550.31,61.9,1.19,331.83,174.94,515.69,469.94,2.3,383.81,834.93
2021-08-07,2972.68,29.46,5.17,373.92,378.41,396.9,551.91,2.41,632.09,926.81
2021-08-08,2889.72,86.93,4.28,414.65,293.01,150.32,635,1.13,464.3,707.57
2021-08-09,2616.94,8.22,2.1,452.79,232.57,163.1,634,15.24,382.8,581.37
2021-08-10,2836.35,185.06,0.84,603.3,264.22,642.73,337.58,3.82,522.52,1131.02
2021-08-11,2791.91,127.25,7.77,400.52,172.41,574.95,346.14,1.29,509.08,672.86
2021-08-12,2952.55,122.2,3.89,1201.81,164.3,384.6,369.47,1.58,684.29,750.38
2021-08-13,3133.09,175.88,3.55,335.02,226.62,339.43,300.28,0.28,640.72,1659.63
2021-08-14,2919.07,15.33,2.72,484.21,207.67,201.16,289.93,1.5,542.53,804.48
2021-08-15,2855.49,36.12,7.12,303.02,173.56,173.01,302.13,0.63,520.8,865.66
2021-08-16,2618.99,73.16,0.37,335.44,178.61,517.93,405.14,1.21,612.99,1510.58
2021-08-17,2161.82,938.88,0.37,323.25,144.57,541.56,320.93,3.11,323.39,763.83
2021-08-18,2240.87,134.01,4.2,332.87,154.32,454.57,254.24,0.63,405.85,803.99
2021-08-19,2209.82,61.09,0.34,238.59,142.54,470.74,394.48,0.56,325.26,614.94
2021-08-20,2546.24,286.31,1.59,309.67,231.36,597.39,355.28,1.48,368.2,1600.14
2021-08-21,2877.73,270.51,1.88,465.05,248.74,413.36,915.17,2.4,590.86,1175.59
2021-08-22,2781.09,17.06,2.21,689.63,253.69,288.09,675.25,5.73,418.46,565.79
2021-08-23,2151.56,143.41,7.27,348.23,109.9,596.47,1492.46,1.47,379.49,797.32
2021-08-24,2317.63,122.94,9.02,235.79,142.19,653.88,264.04,0.85,308.62,756.33
2021-08-25,2400.46,238.83,1.44,289.86,187.91,652.41,371.38,1.82,486.32,1954.45
2021-08-26,2238.98,91.11,13.34,279.79,179.84,419.28,346.01,1.26,355.24,776.78
2021-08-27,2476.98,935.94,5.47,491.61,170.15,467.51,555.19,1.84,517.08,901.13
2021-08-28,2906.81,131.38,9.88,508.58,203.67,380.79,1621.71,2.83,467.01,656.74
2021-08-29,2890.8,44.88,3.65,398.6,234.67,244.68,1136.24,0.63,580.34,588
2021-08-30,2132.06,185.64,1.52,321.75,164.73,456.16,336.2,0.74,219.64,536.51
2021-08-31,2220.49,1370.43,4.56,579.01,125.08,489.82,737.55,20.94,288.55,882.4
2021-09-01,2497.12,526.11,5.24,319.48,160.67,538.83,398.22,3.39,356.6,2249.64
2021-09-02,2008.35,94.44,11.4,243.81,135.99,379.35,352.79,0.11,400.96,726.48
2021-09-03,2265.19,703.69,3.45,210.41,179.98,498.14,429.21,3.74,298.96,841.42
2021-09-04,2881.23,111.04,3.16,468.12,266.16,429.62,475.32,3.97,412.83,795.65
2021-09-05,3055.13,19.76,4.91,511.49,261.02,332.53,557.53,3.45,694.23,912.6
2021-09-06,2131.15,137.18,5.95,334.25,171.59,544.45,534.51,0.69,315,1237.25
2021-09-07,2340.51,288.34,0.75,329.16,178.1,568.89,299.36,2.25,275.04,535.43
2021-09-08,2069.27,295.75,5.49,308.78,216.71,551.6,256.48,1.25,269.9,519.99
2021-09-09,2146.72,92.53,11.27,219.65,160.31,470.66,281.3,4.48,337.63,761.63
2021-09-10,2451.32,97.19,4.18,220.39,294.96,718.52,626.5,17.29,463.01,1072.72
2021-09-11,3061.42,44.84,6.41,409.93,260.86,377.55,457.76,13.98,741.95,834.84
2021-09-12,3006.98,15.86,24.08,468.35,377.07,166.42,376.5,0.98,607.54,665.95
2021-09-13,2142.71,250.49,0.85,255.89,169.56,499.04,1769.52,1.62,274.17,608.77
2021-09-14,2129.52,162.36,3.58,246.6,157.49,550.14,329.25,3.06,282.92,512.93
2021-09-15,2284.24,673.68,2.66,268.14,143.64,740.69,507.81,2.8,391.39,1490.11
2021-09-16,2485.32,95.55,24.97,394.31,206.97,644.56,1431.94,4.17,354.93,1433.66
2021-09-17,2495.71,151.03,1.68,353.9,246.19,497.68,425.24,1.52,547.08,954.34
2021-09-18,2772.28,26.77,2.02,414.9,297.72,376.47,943.36,3.22,437.32,681.37
2021-09-19,3221.34,304.51,2.89,411.68,495.5,197.31,425.53,4.99,654.02,721.16
2021-09-20,2979.68,71.93,3.22,387.1,248.16,268.54,739.43,2.18,535.28,1152.7
2021-09-21,2569.03,190.03,11.32,267.22,158.2,458.31,284.48,3.8,378.27,1541.11
2021-09-22,2194.88,546.87,2.96,251.57,185.43,518.98,247.03,5.73,430.26,895.4
2021-09-23,2769.64,112.54,3.01,444.52,252.43,187.3,348.45,2.59,471.63,670.17
2021-09-24,2501.69,81.12,2.88,314.16,191.63,824.27,964.04,0.86,456.68,2344.47
2021-09-25,3004.72,80.47,6.98,382.09,300.76,357.22,455.75,3.87,469.37,1118.44
2021-09-26,2804.27,35.09,4.95,366.68,433.82,227.94,470.03,2.63,481.8,949.26
2021-09-27,2201.17,1041.59,8.49,249.99,230.19,709.03,592.08,4.62,537.99,1069.52
2021-09-28,2339.17,221.55,2.41,297.75,158.69,535.44,378.07,1.45,306.97,766.54
2021-09-29,2237.48,207.89,9.62,232.12,171.65,499.27,312.2,2.1,388.76,729.9
2021-09-30,2259.41,965.31,3.02,318.36,190.01,480.65,494.87,4.95,425.41,1245.09
2021-10-01,2151.13,60.37,11.06,265.2,148.95,438.71,391.64,10.12,472.79,2597.23
2021-10-02,3182.05,376.74,15.79,343.1,333.98,509.15,552.44,3.12,633.45,767.37
2021-10-03,3198.06,94.87,4.5,516.12,331.44,180.84,471.51,2.82,738.43,824.81
2021-10-04,2123.48,348.07,5.48,213.87,176,472.85,1606.24,1.07,352.94,676.55
2021-10-05,2345.7,485.25,3.47,263.25,196.98,540.36,1276.29,1.3,391.81,1241.23
2021-10-06,2231.99,48.61,8.18,254.82,166.71,399.57,1255.5,0.48,390.37,506.25
2021-10-07,2243.03,222.66,4.91,267.66,173.9,410,325.54,2.93,362.58,678.07
2021-10-08,2391.12,194.7,7.12,210.87,167.7,533.28,447.86,0.72,491.21,1002.56
2021-10-09,3066.87,35.44,9.55,304.81,303.78,333.91,789.33,4.95,627.06,620.58
2021-10-10,3209.87,46.63,6.66,412.13,504.27,224.89,478.28,1.41,587.23,846.48
2021-10-11,2133.94,88,6.88,288.06,183.53,602.5,701.04,7.63,378.72,683.99
2021-10-12,2145.04,353.13,13.33,340.7,137.95,531.76,240.17,0.59,285.78,509.88
2021-10-13,1997.76,185.09,26.48,365.13,204.77,476.18,310.16,1.6,259.44,450.52
2021-10-14,2176.13,196.68,15.43,228.55,200.23,502.56,341.68,0.36,415.9,500.02
2021-10-15,2499.48,244.19,21.36,335.8,287.44,682.78,341.78,2.43,393.67,1726.05
2021-10-16,3155.98,175.26,18.13,395.77,432.17,537.29,1229.89,3.07,655.72,1100.88
2021-10-17,2857.59,76.55,22.09,361.75,484.53,184.8,577.19,3.72,653.99,781
2021-10-18,2186.03,830.76,21.68,297.76,348.61,610.46,686.23,6.71,479.35,884.27
2021-10-19,2221.31,156.22,23.41,377.53,320.46,423.8,332.71,1.23,363.19,710.16
2021-10-20,2369.99,324.99,31.97,298.85,336.02,638.78,346.58,2.63,381.21,939.78
2021-10-21,2240.03,100.14,55.38,294.75,351.6,479.75,410.24,1.29,482.54,1269.15
2021-10-22,2216.25,273.78,39.63,257.7,316.59,593.39,436.49,1.48,374.68,888.23
2021-10-23,3220.38,150.54,51.6,496.81,567.3,391.17,486.82,2.52,556.6,841.68
2021-10-24,3050.44,81.97,31.74,573.98,581.93,209.66,1157.44,0.88,692.99,1046.53
2021-10-25,2225.23,606.36,17.6,409.98,331.33,753.69,354.98,4.99,401.52,2574.92
2021-10-26,2367.96,175.43,34.85,316.52,286.83,572.75,925.64,7,467.73,1151.84
2021-10-27,2253.55,109.93,36.96,400.79,250.62,426.12,1803.49,1.84,447.92,802.63
2021-10-28,2265.02,950.24,22.72,352.22,268.44,440.58,321.03,1.14,480.8,985.19
2021-10-29,2392.1,456.66,31.4,274.61,312.58,600.74,447.49,0.68,392.34,1038.71
2021-10-30,3135.87,391.55,16.08,516.01,402.65,732.21,477.66,2.05,874.95,1063.92
2021-10-31,2903.01,194.85,19.91,458.03,484.54,319.06,704.45,3.01,645.65,742.75
2021-11-01,2379.56,237.21,42.82,319.35,271.07,617.14,1352.6,0.4,545.35,2484.27
2021-11-02,2351.62,141.77,21.77,263.2,246.29,573.11,442.78,1.88,469.26,731.9
2021-11-03,2875.03,24.96,23.97,568.27,471.78,198.88,709.98,2.24,533.86,1105.18
2021-11-04,2260.27,410.54,15.09,245.68,322.3,437.73,472.37,0.99,340.47,820.47
2021-11-05,2374.92,335.79,21.52,295.94,244.84,753.19,862.66,0.74,486.97,1096.09
2021-11-06,3152.13,54.5,36.75,397.59,538.81,490.82,950.67,0.74,709.71,952.31
2021-11-07,3060.45,42.58,32.19,382.94,492.48,203.68,520.1,3.02,638.98,1020.96
2021-11-08,2244.61,98.77,41.08,688.22,218.43,566.75,391.53,1.03,394.11,625.72
2021-11-09,2006.2,248.99,7.64,254.91,223.61,438.07,276.58,0.9,287.69,527.68
2021-11-10,2356.6,716.02,16.68,417.78,332.26,631.16,463.65,0.77,524.87,999.38
2021-11-11,2197.79,97.58,23.95,331.88,324.64,465.06,317.8,0.33,379.4,563.62
2021-11-12,2369.69,102.87,19.08,260.91,278.59,902.49,912.33,1.9,458.85,951.45
2021-11-13,3134.21,97.06,49.35,450.16,560.85,491.11,729.3,1.49,578.25,770.97
2021-11-14,2943.22,28,17.84,369.6,437.29,175.93,616.9,2.04,742.79,872.49
2021-11-15,2192.33,375.99,34.17,273.52,331.93,566.66,1010.44,1.32,418.51,1053.03
2021-11-16,2398.6,132.96,49.6,337.69,219.21,610.2,738.98,4.4,484.54,1477.09
2021-11-17,2312.14,171.4,21.58,266.25,264.5,472.89,471.2,0.3,375.02,1267.13
2021-11-18,2280.36,108.95,46.98,398.94,281.68,411.32,1816.49,0.82,513.85,786.6
2021-11-19,2479.04,800.97,26,420.46,361.11,647.23,608.59,1.45,529.41,1420.8
2021-11-20,3358.46,730.06,32.08,529.59,549.61,452.14,786.07,3.14,835.74,1055.42
2021-11-21,3175.09,126.89,51.88,499.32,714.49,207.97,562.75,2.26,780.01,1535.23
2021-11-22,2068.81,273.77,32.1,256.14,241.92,600.34,418.29,4.72,407.25,942.79
2021-11-23,2898.16,27.06,24.74,470.17,625.54,144.77,450.58,1.28,560.18,713.21
2021-11-24,2284.9,86.37,60.91,334.32,360.11,516.47,1087.97,0.16,354.16,754.75
2021-11-25,2564.42,342.18,34.38,334.19,357.47,668.24,836.36,1.61,463.55,2671
2021-11-26,2535.47,183.66,37.37,377.04,362.72,649.42,1376.99,3.34,524.57,1138.04
2021-11-27,3021.43,123.63,55.5,534.38,544.03,694.57,814.63,5.07,868.54,926.75
2021-11-28,3063.54,52.74,55.13,466.89,562.82,191.54,486.41,0.55,708.69,929.69
2021-11-29,2308.74,654.68,74.12,431.66,310.01,546.51,633.36,6.81,483.12,1286.32
2021-11-30,2322.92,265.56,60.21,284.04,234.51,567,497.56,3.18,394.23,821.75
2021-12-01,2549.46,1977.75,55.57,393.15,231.36,603.69,878.91,5.21,450.35,2860.71
2021-12-02,2466.94,102.35,41.98,325,264.61,620.53,576.04,2.08,510.81,949.8
2021-12-03,2576.34,63.84,24.34,297.24,318.3,511.88,546.51,2.41,406.54,1275.12
2021-12-04,3365.57,247.88,53.21,425.47,487.36,469.15,574.32,5.42,763.08,947.38
2021-12-05,3435.58,46.34,57.27,813.84,624.61,284.84,669.21,5.01,866.22,1280.21
2021-12-06,2298.27,102.85,52.52,284.34,231.58,540.36,1447.97,2.47,593.56,1037.84
2021-12-07,2317.24,232.42,66.14,240.47,243.87,553.15,458.68,9.49,466.88,1013.94
2021-12-08,2263.2,191.39,39.79,310.49,279.47,543.78,351.89,0.54,432.37,747.21
2021-12-09,2557.11,145.24,55.22,354.25,252.11,475.33,506.18,2.19,481.97,773.25
2021-12-10,2760.13,306.15,48.59,348.78,373.68,710.17,917.2,8.44,615.32,2085.29
2021-12-11,3413.46,462.29,50.8,445.34,427.38,523.03,581.09,4.46,737.19,1104.41
2021-12-12,3127.3,90.37,41.54,592.26,657.63,169.91,738.92,1.52,841.63,1084.59
2021-12-13,2249.77,83.03,39.79,365.06,196.71,502.9,895.72,8.18,408.96,994.3
2021-12-14,2257.09,271.6,52.06,248.07,208.57,574.44,734.74,3.85,379.75,625.83
2021-12-15,2687.87,850.44,61.55,311.13,276.46,458.81,461.24,0.8,455.69,1889.09
2021-12-16,2694.33,247.88,75.99,400.93,311.4,546.34,679.3,0.58,705.22,1638.41
2021-12-17,2530.22,475.59,54.89,366.08,296.03,560.78,594.22,1.84,550.26,1343.52
2021-12-18,3225.45,232.9,68.69,521.89,657.99,543.83,631.75,4.12,756.49,1329.69
2021-12-19,3438.32,176.18,96.12,560.6,591.4,156.83,690.15,4.75,707.6,926.08
2021-12-20,2638.98,408.05,86.95,371.51,262.68,759.19,782.42,3.19,511.14,1356.26
2021-12-21,2552.33,989.87,91.76,367.09,267.22,516.76,463.22,4.13,519.13,1197.21
2021-12-22,2762.91,326.81,64.1,408,374.04,657.89,799.02,1.27,476.71,982.5
2021-12-23,2667.32,658.93,58.15,346.23,305.89,536.05,820.04,2.16,557.62,955.47
2021-12-24,3894.09,1121.35,72.26,482.89,310.68,555.15,646.38,3.73,637.32,1723.5
2021-12-25,3825.29,308.39,79.82,456.73,486.6,514.18,886.95,5.4,792.88,1442.89
2021-12-26,3478.82,266.71,51.89,534.7,484.36,249.91,761.95,2.45,816.61,902.2
2021-12-27,3228.08,310.97,91.12,391.51,362.92,529.76,504.34,17.46,706.99,1487.76
2021-12-28,3948.72,174.06,78.24,448.05,359.68,541.68,620.56,2.02,817.13,1154.87
2021-12-29,4864.84,693.09,109.59,449.74,466.6,299.65,1245.71,2.28,825.15,1348.33
2021-12-30,6033.21,91.11,102.37,492.5,352.86,213.16,444.89,2.75,972.88,1490.46
2021-12-31,6023.03,88.37,63.66,446.48,343.84,139.41,331.14,0.45,679.91,1329.01
